0,1
TTGTAAAGAGAGAGCAGGCGTTATTAT,GGCACCACTGCTACAGTGGTGGTCACT
TTTAATATATTAGCGTAACTGTTATGCT,CTGGCAAACAAGATCGCGACGAAAGCCAG
TTGCTGTAGATTGATATTTAATATATT,GGCACCACTGCTACAGTGGTGGTCACTGGCAAA
TTGTAAAGAGAGAGCAGGCGTTATTATTTT,TTACCAGTTCAAGCAGGGTTTGTAAGCTATTAT
TTGCTATCTCGCTGACGGACAGGCAAATT,TTTTTATCCAAAGTTTCGGGCTGTTATGTT
TTGATTATCTTCCCTGATAAGACCAGTAT,TGAAAGTTAACGCCGGACACGGTCTGA
TTGATTTTGCATTTTAAATGAGTAGTCT,CGACCTTTGCCGCAAGCCTCGGTCTGA
TTACGCGATGTTTGTGTTATCTTTAATAT,TTTACATACATTTGTGAATGTATGTACCAT
TTAACACCTCGTCAAAATCCTGCTATTCT,TTGTCTTTAATCAATTGTAAGTGCATGTAAAAT
CTGACCAAAGAATACTTGCACTTAAGGT,CACGTAATCAGTACCCAGAAGTGAGTAATCT
TTTCAACCCGCGTCAAAATAAAACAGTAGAAT,TTGACGATAATTTCTGGCAAGCCGAATA
TTAATAAACCCATTGCTGCGTTTATATTAT,TTTACAGCCCGAAAAGGCCGGAAGATACT
GTGGATTTTTACCCTGCTTTGTTTTTATAAT,CTTTAAAGACTTCTACGGTATGACGCCGC
TTGCACATTAATGGATATTCTTTAATAAT,TAAAGATAACCGCAGCGGGGCCGACAT
TTTCAATTGCACATTAATGGATATTCT,TTGCTTAATAGAAAGGCGTTAATAGGCA
TTTAATAATCTCGCGACGTTTCTTTATGAT,TTGAAATTTTTATATTTTTTCTTATTTA
TTCTGCCTTTAGCTCCGTCTCTATAAT,TTGAAATTTTTATATTTTTTCTTATTTAGGCT
TTGAACTTTCAGTTTCTTTTCTATAGA,TTGCCGACATCGTAGGATTTTTAATAT
TTAGCCGAATCGGCAAAAATTGGTTACCTT,TTCCTCATTTAACGTCATTAATAAAAT
TTGCCCTTTGTTTATGAGGGTGTTGTAATCCA,TTGACACATTCGGGCGGAATTCATATGAT
AAACCTTTTAAAAACCAGGCATTCAAA,GAAACTACACGTTGCAATTTGCCGTTGACACA
TTGCATGTAAAGCATATACACCTCATTATTTT,TTGCCTGATTTTTCAGCGATTGAAACT
ATTGCATGTAAAGCATATACACCTCAT,TTGACACATTCGGGCGGAATTCATATGAT
TGATTAGTCATAGCCAGCGATATACGCT,GCGAAGATTTCGCCAGTCACGTCTACCCT
TAAAAATTTTTCACTAATTGATTAGTCATA,CTGTGCCGCCAACAAGCTGGCTATCAT
TTGATTAGTCATAGCCAGCGATATACGCT,TTGCCTGTCTGGATCACATAATCCAGATATTTT
TTCCGTCTCTCTGATGATTGATGTTAATTA,TTGAAACCTATGCCATTGCCAGCGCCATCAT
TTTTCAGTAACTCTGGTGGCCGTTATTTT,TTTGAAACCTATGCCATTGCCAGCGCCAT
AAAAAGCAGCGGCTGACGTCTTCCGACGT,CTGGATAAACTTGCCGAACTGAAGGCAT
TTGACTGGCTGAATGGTCTGTCATACT,AGAAAAACAAATAACATCATGTTTTTAAACT
TTGACTGGCTGAATGGTCTGTCATACTTT,AGAAAAACAAATAACATCATGTTTTTAAACT
CTGACGAAAATCGGTTGAAAAAGTGGCATAAT,ATGATTATTCGAAATTAGTGTATTTTTATTCT
TAAAACTCCAGATAGCTAACGAATCATA,ATGACAGATTATGCGTCTTTCGCTAAAGT
CTGAATGAGTCGATGGCTCGCGAATAAT,TTGTCACGCTGATTGGTGTCGTTACAAT
TTTAATCTTAAATGAAATTTATTAAAAT,TGACCGATACCATCGCTGATATGTCTCA
TTGCAATTATTGCGTACAGCCAGTACATT,TTGAAGGTGCGTTCCAGGCCTCCAACAA
TGGACTTTTCTGCCGTGATTATAGACACT,TTGAAGATAATGTTTTACTACCAACGGTAAAAA
TTTATATTCACGGCATTACTGATAAAAA,GTCAAATTTCCCATACAGAGCTAAGGGATAAT
TTGACACACCTCTGGTCATGATAGTAT,ATGAATAAACATTGTTCATGGCAACTTA
CTGTCTCCGATAAAAGATGATTAAATG,TCGCCAGGATGAATAAACATTGTTCATGGC
TTGCATAAAAATTCATCTGTATGCACAATAAT,GGCACCATGCAGGGTCACTACGAAATGATCGAT
TTGCTGACGAAAACAGCCATTTGCAGTATACT,CGAACAAAGGGCCTGCGGGCCCTTTTTTCATT
TTGACTCAGCAAGGGTTGACCGTATAAT,TGCACTACACTGTCAATCAGACAAATGACTAT
TTACCCCGCACTCCATTAGCGGGTATACT,GTGAATGACTCGCCTTCGTTTTTAAAAT
TAGACAGAGGGGTGGGAAGTCCGTATTAT,CTGACGCTTTTTATCGCAACTCTCTACTGT
TTGCAAAACGATTGATGGATACGGCATGTTGT,CTGACACCTGCGTGAGTTGTTCACGTATTTT
TTTACACATTCTGACGGAAGATATAGATT,TTGGCCTTGCTGGTCGTTATCCTGCAAGCTA
GTGCATTAGCTTATTTTTTTGTTATCAT,TTATGTTGCTGTTAAAATGGTTAGGAT
TTGAAATCAGCAGCGATTGGTTTATCGT,TTATGTTGCTGTTAAAATGGTTAGGAT
TTCATTCTTGAATATTTATTGGTATAGT,TTGGGTGTCCGGCCCCTCTTAGCCTGTTATGTT
TCAGCAGTGGTGCTTCACACTTGCCCGGTAAT,ATGATTTCATCAAACTGTTAACGTGCTACAAT
TTGACTTATCCGCTTCGAAGAGAGACACT,TTGGATTCACCACGTTTATTAGTTGTATGAT
TTGCTTATTTAGTGACAACTATTCATGAT,TCGACAATTGGATTCACCACGTTTATTAG
TTGCATGTGTGTCGGTTTTTGTTGCTTAATCAT,TTTACTTAGCTTAAAAAAGGCTAAACTATTTC
TTGACAGACAAGGTACCGCTAAGTAATATTCG,TTGATTTTTTGCACTGGCAGGATTACACT
TTGACAAAAGATTTTTCGCCGTTAAGAT,TTGCCATTTAGTGATTTTTTATGCATATTTT
TTGACATCACCATGCACTGCCATTAATAT,TTTATTACGCTCAACGTTAGTGTATTTT
CAGAAGTGAAACGCCGTAGCGCCGATGG,TTGCAAATGAATAATTACACATATAAA
TTGACGAAGGTCGAGGCAATCCGTAATAT,TTGCAAATGAATAATCATCCATATAAA
GGGCGGACCGGTATCCGAGCGGGTTCAA,TTTCCGCTAATAACAATCCCGCGATATAGT
GAACTAAAAGCCGTAGATGGTATCGAA,TTGAAAACTTTACTTTATGTGTTATCGT
GGTTTTCGGACACCGTTGCAGTGAGCTGT,TTGACGCGCGCAGGTATTTAGCATACA
GAACATTTCGGCCAAAGCCTGATCTAA,TTGCCAAACCCGCTGGAGTATTGAGATAATTT
AAACTTTTTTCCTGCTTCACGGTCAGA,GTGCATTCGCTGCCGCATACCATTATTCT
TGTACAGAACTCAATGCACAAGGCAGTAT,TTGATCTGACGGAAGTCTTTTTGTAACAAT
TTGATTCACATGCTAAATCTGATAAGTT,TAAACATCAAACCACTTAATTATTAACAAA
TTTATTTCTTAGCTTTCGCTAGTAAACT,TTAAATTTTTTCACTGTTCTGATAGTTAAAAT
TTGACTTTCCGTTACGCAACAGAAAAA,TTGACGCCAAAATAACTTAATGTCATACACT
TTGATTTATTATGTAACATGCATTACAAA,TTGCATATAAATTCACTTGATGGCATTGT
GAACGATATTTCACAGTATCGGTCAAA,TTGCATAATTATTCTGTCAAAGGTACTAT
TTGGACGTTCAATATAAAATGTGTCTTAATTGT,TTGAATAATGCGCTTTGCTTTTAACTTT
TTTAAATTAATTAATGATTGTTATAAA,CCCGTTATTTTGTGCTATGTTTATTGA
TTGTATGTGATCCAGATCACATCTATCAT,CCACCGCCCCCGTTATTTTGTGCTATGTT
TTGTAAACCAAATTGAAAAGATTTAGGTT,AGGACAATCGGCAAACGGTGCAGTACACT
GTGTTTCAATCTTTAAATCAGTAAACT,TTGATTCATTAAAAAAGAAGGCTAAAAT
TTGCAACAAGGCTGGGAAGAGGAGGAT,TTACGGTAGAAATCCTCAAGCAGCATATGAT
TGGACAGTAACTTGTTACAACCTGTAGCAT,CTACATTTACAGCGCAAACATTACTTATTAT
CTCACACTTATCGACGGTGAAGTTGCATACTAT,CTGGCTGGCACGAACCCTGCAATCTACATT
TTGACTTTTAGCGCCCATATCTCCAGAAT,TGAACGATACGCTGTTTAATGCGCTCAAT
TTGATTTACGTCATCATTGTGAATTAATAT,TTTAAAGGCATCATGGAAGGCGAATACGAT
TTCACACTCCCTTCACTTACCCCGCTTAAATT,TTGAAATCACGGGGGCGCACCGTATAAT
ATCACATATAAAGCCACAACGGGTTCGTAAACT,ATCTCTGTGGCAGGATTGTGAATAAAGT
TTGCCTATGCCGAACTTTACTTTACAGA,TCAACAAGCAACGGGGCATCGCCCATTCAAA
TTGGCAAATTGCCTATGCCGAACTTTACTTT,CGAACATAGGCTTCGATTTATTGCGCTATCTCT
CTCACAAAGCCCAAAAAGCGTCTACGCT,TTTTAAATGATAGATATAGAGTACCACAT
TTGGCAGGATGGTGAGATTGAGCGACAAT,TTGATTTTTGTGATGGTTGTCATATTAT
TTTTAATCGCTTCCCGCCTGTTACACT,AAACCAAACGGTTATAACCTGGTCATA
CTGGCATTCACAAATGCGCAGGGGTAAAAC,GAACTTGCGCAGCAATTTGTTGACAAA
GTTTCCTGTAGCACCGTGAGTTATACT,GCCATTACACAACAAACTATTTGTCGAA
TTGAAACATTACGCTTTGCAAAGGATTTT,TTGATTCTGACGCCCAAAGAATATGCT
TTGACGTGTTACAAAAATTCTTTTCTTATGAT,TTGATATGATTTGAGATTCAACTCTCAAATT
TTAGCGTAACAACAAAAGATTGTTATGCT,TTGACAGCTATTTTTGATATGATTTGAGATT
TTGACAGGGGACAAGGGGCAGGTATGAA,TTCTCTGGTTTCCTGGGTTGTATCGTTTATTCC
CTGCCGATAACCGTAACCGAAGATGATAA,TTAAAACAGTTTTGTAATGCATGTTACATAAT
TTAACGATTTGTGGCGTCGGCGCGTATAAT,GTTGAGATGGCTAAATTCCAGTCCATAT
TTGCCAATCACTTTTTTCAGTGTAAAAA,TTGAGATGGCTAAATTCCAGTCCATATTCT
TTGTCAGGGATAGTAAAGCGCGTTACTCT,TTGAACGTCCAATCAATAACCGCTTTAATAG
TTGCCATCAGCGCATTCTTATTATTGTAATAA,TTGACTTACTCGTAAGCCGTTCTACTCT
CTGAATATTTGCCATCAGCGCATTCTTATTAT,ATCACAAACTAGAATAGCGCCTTGTATAAC
TTGTCGGATATTAAACCAGGAATTTATTAT,TTTTTTGTTGTTAATTCGGTGTAGACT
TTGCTTTTTATCTTCAGATGAATAGAAT,TTGCCACGGGTTCCGTGGCGGGAGATT
TTGACGGCAAAATTTTGCTGGCGTAACAT,GGAAATTTGTAAGTAATATTTAACTGCTCAAT
CTGACGCATGTTTGCAGCCTGAATCGTAAACT,TTGCCACGGGTTCCGTGGCGGGAGATTAT
TTGAGATTTTGTTCTTAATCAATATGTT,TTGTTAATCCTTAATAACCTTTTTATTCT
TTGAAGGTTCATTTCAATCATGTAATAT,TCCGCTTTTCCTTGCTGTCATCTACACT
AGACACCAGGAGACACAAAGCGAAAGCTATGCT,AAGACACAAGAAGATATGTCTGTTACCGT
TTAATAGTATTGATTAACAGGCTAAAAT,TTGCATCATTTAACTGACAATCTATACA
TTTTCAGAAATGTAGATATTTTTAGATT,TTTATACTTTGTACAATTTTAGCGTATATT
CGAAATTCGCTTGCGAATGTGGCTTTATCCGT,CGGATATGACGCCGGAAGATCCCATTGTGAT
TTGCATCACCCGCCAATGCGTGGCTTAATGC,GGTCTATGATTAAAAGCTAAGATTTTTACT
GTACAGACCATTAAAGCAGTGTAGTAAGGC,AAGACGGTCTATGATTAAAAGCTAAGATTTT
TTGAGACAAATGAAGTTTTAGTAACTT,TTTAGGATTAATCCTTTTTTCGTGAGTAATCT
TGGACAAAGCGTACCACAATTGGTGTACTGG,ATGGTAAAAATAGGTTGTGGCAATTATCAT
TTGAACATATGAAGCAATGTTTATTTT,CTACCGCACCACCAGCGAAATGCCGGTAG
CTGAAATGAGAACTGCTTTAGTAAACT,GTTGAAACACTATCCATCGGTTCTGCAT
GGAACGTGTGTATAGTGCGCCAAGTTATCAGT,TTGAAGGGCCGCTGGCGTTTGCCGAGAA
TTAAATTGTACAAAGATGTTATAGAAACAAAAT,ATCACAGAATACAGCTTATTGAATACCCATTAT
GTACAAAGATGTTATAGAAACAAAATGTAACAT,TTGCAGATTTGAAATGCATGCATTATTGT
TTGAATATCTGTTGAAACCCTTTAACAA,TTGTTATGCCGGGCATTAGACTTTAACAAT
GTCACCGGAAAATCAGAGCCTGGCGAGTAAAGT,ATGAAATTTTGAGGATTACCCTACACT
TTTACGGTCAATCAGCAAGGTGTTAAATT,ATGAAATTTTGAGGATTACCCTACACT
GTGGCAATTCTTAAAACATTGTCTAACAT,CGCTCACCCTTTTTCACCTGTTTAAAAT
GGAACGTTCGGATGAAAATTGATCCTT,TGAACTATAAAGACGATCGCCAGAAGGCAAT
TTGAGAAAAGCCCGTTATGTTAACGGAAAAT,TTCGGAGACTATTCTGGAAACGGTGTTATGAA
GGAACGTTCGGATGAAAATTGATCCTTTCCAA,TAAACCTTAGTCCGTTGGTGCATTCCGA
TTGGAAATGGGCATCAAAAAGAGATAAATT,TTAAAGGCTTCGAGATTGCTGCCAGTAA
TTTATTGTAAGGATTTTGCGGCGTAATAT,CTTGAAAGTAACTATCGCAAAGTCCCCGG
ATCAAATTGGCTGAAAGGCGGTAATTT,TTGAAGGGTTCTCGTAAAACGTAAATAAT
TTGGCTGAAAGGCGGTAATTTAGCTATAAA,TTGATAATTGTTATCGTTTGCATTATCGT
TTTTTGTGTGCATTCACATGGTATGAT,TTAACATTTGGATTGATAATTGTTATCGT
TTACCTTATGACAATCGGCGAGTAGTCT,TGACCTACTGATCCTTACCTGGTTTTTAGCACA
GTGGTTATAGTTAGCACCTTTTTTATTAT,TTTAATTATTTAAGCACTTGATAAATT
TTCATGGGATTGGGTTATTGGTATGCT,CAGAAGAGCTTAAGGATGTGGCAGATAA
TTACTTCCGCATATTCTCTGAGCGGGTATGCT,TTGTTACTTACACAACAATTCATTATTTT
TGAAATCGTGCTTTTTGCTGTTTTTTCGAA,TAAACTATGCGGACTTGGAAATTTCCGT
TTTACCAACTTACGGTTTCTTTAAGTT,CTGCCGGTAAAATTTATCTGGCTGAAAC
ATAAAAAAGCCGCATGTTGAATAATATTTT,GGAACCGGTACTGACTTACATTAACCAA
TTGAATAATATTTTCAACTGAGTTATCAAGAT,TTGCCGGGTATGCATGGTGTGGCTGCTATGGT
CTGAGTTATCAAGATGTGATTAGATTATTAT,ATCTTATTTCGTAATGGATTGAGAATGCT
CTGGCGGCGTAGCGATGCGCTGGTTACTCT,TTCATTATCTGAATGAAATGTGTCAATCCA
TTCACTGATATCCCTCCCTGTTTATCAT,TTGAAATGAACCTTCAAGATACTTGTACCTT
TTGCTCTGCGTGCCCGGTAAGCCTATGCT,TTAAAGAGTCCCAATACGCTTTCATACAAT
GGAAATATGACGACACTTATTTATTTGCAAA,GTGAACGGAGGTGATTATTTTTATAAT
TGAACACTGGATGGAAATCGCGCTGGTCGAT,TTGACCTTCCCCTTGCTGGAAGGTTTAACCT
GGAAATCGCGCTGGTCGATTACTGTTTCAAA,TTTCAAAGCGTAAAATTGTGGCATTCT
GTTGTGATAAGATGGATGAATGAGCCGT,TGAACATTTAAGCCAGGAAGTGTTGGGCAAA
TTAAAGGTTCGTTATCAGAGTTGTGATAA,TTGCCACCTCCTGTCAGAGTCGTAAAAT
TTTAATGAAAAATCACCTCACCTACAAT,GCAACCAGCATTGCCACCTCCTGTCAGA
TTGTCGTGATTTCACCTTTAAAATAAAAT,TGAACGTGACAGATCGTAAAACCGGACAAA
CTGTCAATCAGAGGGGGATTTGTCTAGAAT,TTGAATACCGCTTCTCTGCCGAGCCTTATATT
GAACTTCAGGCTATAAAACGAATCTGA,TTGACGGCTCGCCCTAATTCTCTAAATT
TTGTTAGCCGTCTGAAAATTCAATAACAT,TTCAAACCGACGCAGCTATTAACGCATGATAAT
GTGATGTCCGGTTAACTCGTGGTATGCT,CTTTCAAACCGACGCAGCTATTAACGCAT
TTCGAACATCGATCTCGTCTTGTGTTAGAAT,GAAACTACTTAGTGTTCAGGAGAGAGACTCAAA
ATCGAAGTGTGTTGCGGAGTAGATGTTAGAAT,TAAACTACTTTGTATGCTGTCTGTCTTTCAAA
GAAACATATGCTTTAATGAATGTTCCATATT,TAAACTACTTTGTATGCTGTCTGTCTTT
CTGGAGGCACCAGGCACTGCATCACAAAAT,CTGATAATGAGAACTGCTTTAGTAAACT
TTGGCTGTTTATACAGTATTTCAGGTT,CTGGGTCAGCGCGAAATTGCAATAATAT
TTGAATGACAGGTATGATAATGCAAATT,CAGGTTGAAGTTGTGTATATCGGCTAAACT
ATCGCAAAAATCCTCTGCATTTTACGCT,TTGCTTACTTTTTGGCGTTATATGATGGATAAT
CTGAATTGTTATACAAGGCGCTATTCT,GTAAGACTTCGCGAAAAAGACGATTCTATCTT
TTGCCATAAGCATGATGGAGAGAGAAAAA,TTGGAAAATAATTTCTGAAGACTATACT
CTCCAGCAAGGCGATGCGCTTGCTGACGA,TTGCCATCTGATCCCGCTACTCTAGAAT
ATAATTACTCCTCACTTACACGTAATAC,CTAACATCCTTCCCCCGTCCGTTGTATAGT
CCGTTGCCGCGAGCTCACTTTACCAAACCGAAT,TTGCCAGCGAGCAGTCGGCGTAATTAAGGA
TTTATAGAACAGGCAAAAGTTCTACAAG,CTACGCAAACGTTTTCTTTTTCTGTTAGAAT
CTACGCTCAATGAAACATTTAAATACTAT,TTGACGATTAGCGGTCATCCTGTTCTTAAAAT
CTGCGTTGTTTTTTTGTCCAATATCAT,TTGAAGCCCTGACCCCATGCCGCTATACT
ATAACATAACCCCATGATATATCGATAAAAT,TGAACCCGCTGCCAGCCTTGATGCTCACA
TTTCATCTCGTGCAAAAAATGCGTAATAT,GTAAAGAAGGCGACACCATGCGACTAT
TTAACAGCGACAACAACGCATTACACC,GTAAAAGTCTCATTTATGATGAGTTCCATTGG
TGAACGACAAAAACGCCGCTCAGTAGATCCTT,TTTACAGTAATGTAACCTTCCCGTAAAAT
TTGAAAGATAAAGAGATCAGCGAAGACGACGAT,TTGTCTTCACCGTGCTAATCATCGCTATCCT
ATAAAGAGATCAGCGAAGACGACGATCG,TTCATTCGTTCTCTTACGCTCCCTATAGT
GAAAATTGAAGCGGCGCTGGCAGACAAA,TTTAATCCACACCGTTTGCCCCGTTAACCT
TTAAAGTAAATGCATTTACCTGCTACTTT,TTACTCCTTTCACGTCCGTTATAAATATGAT
TCCCATCATTTTTGGCGATGTTGTCTATTAT,GTAACCGTTTTCACGCGCTATCTGCTAAAAA
TTAGAATTTAACACTAAAAGAGCAGGTAAAAT,GGCACTTTTTTAATTCCATCACGGATGTCGTA
ATAAAGCAAATTAATAAATCTGATGAATA,ATGCCTGCCGGTAGTGCATTTGCTATAGT
TTGCTTAGTTACAACATACTTTAAAGGGATAGT,TTGAAATCGGCACCGTCCAGCCATTACACT
CTAACAGTTTTTCCTCCGCGTCTATATT,ATCAAGGTTATCTCCCGCAATGGTTTATCGT
TTGATATTTATTCATCTCCTTACGCACTATATT,TTTAGTTCTGCCGAAACGCAGCGTATTAT
TGAAATCTATAAATTAAAGATTTGTCACT,TTGCTTTTAATGCCATACCAAACGTACCAT
TTGATTTAAATGGCGGACAATTATTGT,TTGACAGAGGCCCTCAATCCAAACGAT
TTGATTTAAATGGCGGACAATTATTGTTATTAT,TTTCTGTGATGTTGTCTGGGTGTTATTTT
GGAACATTTTGTTGCAGGATGGAGATCAGA,TAGTACAAATAAAAAAGGCACGTCAGAT
TTGCTGACAACAGAAACGAAATGTATATCAT,TGAATAAATTGCATGTGATTCTCGGATTATTGC
TTGACATAGTGCGCGTTTGCTTTTAGGTT,TTGAATTACCCGCCTCATCAGAGATAAT
TTATCGATCTTATTTGGATATGTTAGCAT,CACACTTTTCAATGAAAATTGCTGATCAAT
TTATCGTTATCGATCTTATTTGGATATGTT,TTGAAAAGCGTGGTTGATGACTGGTATTGT
TTCGTTGCGCTGGCAGATCTGGCAGAGT,TTGACGTAATTTTGCTTTTCTCTCGTTAGAAT
TGAACTATTATTAAAAAATGATGTCACT,TTCATTAAAGCATATGTTTCACTATGAA
TTTATGCCGACTATTTATATGGTATACT,TTGACTATGTTTTTGTTAACATCTATCTT
TTCATTTATGCCGACTATTTATATGGT,CTGAACAAACTTAATAAACCATTATTATAAAAT
TTGCAACATTCCAGCTGGTCCGACCTATACT,GGTTTTATAACCTGCATGTACTGTATGATT
GGCAATTTTTTGCCAGACTGAAGAGGTCATA,TTGCTATCCGGAAAAGCATCTGCTATTTA
CTGCTATCAGCGTAGTTAGCCCTCTGGTATGAT,TTGTAGTAAAGTAAGTAACTGGTTAATTT
CGCAAAAAGATTCAGAATTTTACTGTTAGTTT,ATCAAAATTGACAACATCACCATCCTATAAT
TTGATAATCCGCTCACTTTTAACCTGATTTT,AGATCTCTTGCGCAGTTTAGGCTATGAT
GTGACTTTTCTTGTCGCTGCGTACACT,TTCAGAAGACGGTGGCGGAGTACTACAAG
TTGCTGATAGAAACCATTCTCATTATCAT,CTGGAAAGCCAGTCTTTAGATGCGCCAG
TTGCAAATGCAAATAGTTATCAATAATATTAT,TTGACGTTTTCACATTCTGTTGACAGATTGT
TTGCCAGACGCGTTGGGGAAATGAATCT,TTGATAACAACTTACCGGGCATATAAA
TTGCAATTAGCCGGGGCAGCAGTGATAAT,CAGCATCACCCGCGGGCGTGATGTCTGA
TTTCGAATATTATCTTATCTTTATAAT,GAACGCTTACCGTCGCGATCTGTCAATGA
TTGCCTGCTGCTTAATGCATTGCAGATGAT,ATAAAATTTGCCTTTCACATGAGGTAAATT
TTGCAGATGATTTGCTTCCGTTATACT,TTGTCAGCGAAAAAAATTGCGGATAAGGT
TTGTATGGCAACGTTATTATAATTAACAG,TTGCATAAATAATCAGATCTGTATCAAAGT
TTGTTATATTGAATCAAATCAATGAAAAT,TTGCATAAATAATCAGATCTGTATCAA
GTGACATTTTCAATATTGGTGATTAAAGT,TTTATATCATCACGCTTCAGCTAATGTATATT
TTGTGCCGTGACTAAAGCGATTCTGATACACT,TTGAAAATTGTAGTGTGAAGACAGTGTATACC
ATAACGCGCGCGTAAAGGCATTTAAGCT,TAACCTTTATTGATATGTACTACGTATCTTA
TCAAGTCCGGCGGGTCGCTGCCGATAA,TTCACCCACGAGGCTTTTTTTATTACACT
ATTAAAAAAAACAATTAAACGTAAACT,TTGGCACACCGGCTGAAGTACCTAAAAA
GAGTGAGTCTTGTTCCACTTTGCCAATAA,CAAACAACCAAAGTCCGCTCTGGGTCGGA
ATAGAAAAAAACGAAAGCACAAATAAT,GGAACACCCCTTGCGTATTGGTTTATCGAT
TTTGTTGCGCTCAAGACGCAGGATAAT,TTGCCAATTCAATATATTGCAGGACCAT
TCAAGACGCAGGATAATTAGCCGATAA,TAACCTTCGCTATTTTCTCACTCTGTGTCGAA
TTGTCCGTGCAATAGCTCAATAATAGAAT,TTGAAATATATATTGATGTAGTGAATGTATCTT
TAAAGATTTTTTTGTGCATGCCGATAG,TGAAATATATATTGATGTAGTGAATGTATCTTA
ATAAACTCTCTACCCATTCAGGGCAATATCTC,TTGAAAGAGGCAGAATTAAAACCTCGTAAATT
GTCGACGACGGTTTACGCTTTACGTATAGT,TTAAAACCTCGTAAATTGAAATATATATT
TTACATAACATCATATGTTGTTATATT,TTGAAATATATATTGATGTAGTGAATGT
TTGCCGGAAAACGACCCTATAATCCGAGTAAT,TTTAAGACCAGCACGAAAATCGTTGCTATAGT
TTACCCGTAATATGTTTAATCAGGGCTATACT,TTAAAAACGAAAAGTCTGATAAAAGCTATACT
TTACCCGTAATATGTTTAATCAGGGCTATACT,GGAACAGAAAGAGATCCCGGATCCCTATCGTA
CACACTTCCACTGTGTGTGACTGTCTGGTCTGA,ATCAATTCGACGTCGTTTTGATATTAT
TTGTTCTTTTTAACTTCAGGCGGGTTACAAT,TTGTTCAGCGTACACGTGTTAGCTATCCT
TTGCAAATAATAAAATAACAAATTATAGT,TTGTTCGGCGTACAAGTGTACGCTATTGT
AAACTTGATGATTTAAGCATTTTCTTA,TTGCATATTTTTAACACAAAATACACACT
TTTTCTTATACCCGTTCAGACGTTATTCT,TTATCAAGCTGGTATGATGAGTTAATATTAT
TTGAATATGTGCCGATTGCGCGGTGGAAT,TTGGCTAAATGTAAAAAAATGGTTAAGAC
GTGCAAAATCGGCGTATTTTGATTACACT,CAGAAAACGCTGAAAAAACATCCAAAAG
TTGAAGAAATTCAGGAGTGTCATTTAGTAT,TTGCCGCAGTGGCGTTAATTGTGGTTATCAT
TTAGCATCGGGCAGGAAAAGCCTGTAACCT,GTGACAAGCTCCGCAAATCGTGACAAT
CAGAAAATGCTCTACAAGATGCATTAAGAT,TTTATTGGTCTCGTGGTGCCGCATATGAT
GTCATATTACAGAGCGTTTTTTATTTG,TTGGAAACAATTTTATTTCCAATTGTAATGAT
TCGCCGGGTGCTGCAAAACCATCTACGCT,TTGATTGCAGAAATATATTGATAATATTAT
AATGAAAAGGATGACATATTCGAAACG,TTGCATCTGGTTGTGGTTACAATGAAAAT
TGGATAAATCTGAAGTATTGATTAGTGT,ATACCTATTCTTAGGCTGCACATGCTAACAT
ATGGCTGATATTTTCCGTAGTCAGGTTTAATGT,ATCGATAACGATAATTAATTTCATTATCAT
AGGAGACTCGATATTTAAATCGGATTACATT,TTGCTATCGGGTAAACCTATCGCTATGAT
CTGATCTTATTTCCAGTAAAAGTTATATT,TTGATAATGATAACCAATATCATATGAT
TTCACATCTTTTTACGTCGTACTCACCTATCTT,TGAACAAGTGAACGACCGCGTCTGATTTTCTGA
TTGAACCAACGGGCGTTTTCCGTAACACT,GTGATAGAAAATCGCTCCAAGTGATAATGC
ATCACATTTTTATCGTAATTGCCCTTTAAAAT,AAACTAATTTAAACAAAAAGAGTCTGA
TTAACACCAACTGGCAAAATTTTGTCCTAAACT,TTGATGGTCATTGCGGACAGGTACAAT
TTGAAAGTTGGAAAAATTTTCCAATAAATA,TAAAGATTACCCGTCCCTTGCCGATAA
TTGAGCTTCTACCAGCAAATACCTATAGT,TGAACGTGTCGAAGCGTTAAAACTGGCGAT
TTGTATGCATGTTTTTTTTATGCTTTCCT,TTGACGCAAGATTCCCGCGTTGACGATCT
TGTGCAAACAAGTGTCTCAATGGTACGTT,TTGTATGTGCGTGTAGTGACGAGTACAGT
TTGCTTACCGTCACATTCTTGATGGTATAGT,ATTAAAAACCCTGCAGAAACGGATAAT
TTGCCACCGACCACGGATTTGTTATGCT,TGCAGAAACGGATAATCATGCCGATAA
CAGAAGGTAAGGCGCAAAACCGCCGTGTA,TAAAGGTTGTTTTACGACAGACGATAA
TTAACTCAATGTTAAATTGATGTAACATAAT,TGCTTTCGTTTTTTTCTATCCGCCAATAA
TTATTTCCCGATTCTCTGTGGCATAAT,TTTGTCTTATTGACTTACTGGTAGGCT
TTGCGAGCGGCGTAAAGCCGCCGCTATACT,TTACTTGCTCCCTAAAAAGATGTTAAAAT
TTTCACTTTCGAATTATGAGCGAATATGCG,TTCTCATCTATAATGCTTTGTTAGTAT
TTACCTAAAGCGCGATTCTTTGCTAATAT,ATGATCTATATCAATTTCTCATCTATAAT
GCAACATACCGCGCAAATGATACTGATCATA,ATGTAGGCTTAATGATTAGTCTGAGTTATATT
TTCATTAATCCTGCCATAAACTCGCGTTATTAT,TTGAAAATTCGTGTTCAACGATGAATCT
TAAACAAATAAAAATCTTTCCATAACAAA,TTGCAATTTCTTCATCATACCGTTTATTCA
TTGCAGAGGGAAAGATTTCTCGTATAAT,CTGGAATTTTTTTGTTCGGAGAACGAAGATAAG
CTACGTCACATGGCCGCGCCGTGTATAAT,TTACCACGAATCAATATTTATCATATTCT
TTCTCAAACGCCAGATGTTACCCGTATCAT,TGAACTGGCACCGAAAGCGGCCAATATCATT
GTGCCTGTTGCAGCACGGCTTCGGCCATATCAG,CGAAAAAATGGGACCAGAGCCAATTATCAAA
TGCACTCCTCAGTTGGTGTTTTTTTAAGCAAA,TTGAACTGGCACCGAAAGCGGCCAATATCAT
ATACTGGTTTTTAGTGCGCCAGATCTCTATAAT,TTTCCTTGCGTGCTGAAACAGAAGTATTAT
CTTAAGTATACAATTTATTCGGCGAAAC,CTCACGCTGATACGGGGTTTTCTGACGA
TTGATTCATGCAAGCGGCATTAATACTAT,CTGACGGATTTCAGATGATCTCCTGATTA
ATGCAAGCGGCATTAATACTATTTATACT,TTGAAAAATAGTATGACGCGACATCAT
TTGACTCAATTTTCCAGCCTGGTTAAAAA,TTGAAAAATAGTATGACGCGACATCATAGACA
CCCCGTACCTCTGATAATGGTCTAAAAT,TACGTAACAATGGACAAATGTGGTACATT
TTTATTGATCTTACGCATCCTGTATGAT,GGAAATTCGCTCCCTGTTTACGAAGGTCAAA
TTATTTCCACTGGTTCGACAACCAGAAA,TTGAAAGATGCTGGATATAGAGTATCCT
TTAGTTCTTCTTCCTCACTTTTCCGCTACAAT,CGAAATGCTGCCGCCAATTGACGTCAGTCAGT
TTATCTGGTGTGGTTATTCGTTAAACT,CTGGTGATTGTCGAAATGCTGCCGCCAA
CTGGAAGTTTTTTTCATTTCGGGTAAAAC,TGAACAAGCCCGCGGTACTGCTGGCGGACGAA
TTGGTGCTATCGCAGGCTGAATGTGTACAAT,TGAACAAGCCCGCGGTACTGCTGGCGGA
CTGCCGTTGCGGCGATTTAGTGCTATTTT,TTAAGAGCGGTCATTTTTAATGGGGTTATAAA
TAAACACTAATGTTTACTTTGTTGATATACT,CTCTCAAAAATCGTAAGGCAACTTTGTTACAAC
TTGAAAGAGCAGGTTTAACTCGACCAT,TTGTTAAAAAAGTGTGTAGGATATTGT
TTGAAAGAGCAGGTTTAACTCGACCATACT,GTGACTACGCGGCACGCCATTTTCGAATAACAA
TTGAAAGAGCAGGTTTAACTCGACCATACTCT,GTGAAATAAACAGAGCCGCCCTTCGGG
TTTAAATCTTTGTGGGATCAGGGCATTATCTT,GACCAAACATTTGTTATCAAATGGTAAAT
TTCAATAAGTAGAATCTTCATGAAAATAATAT,TTGTTTAATTGGTTAGATTGATATATGCT
GATCGCCGGGCCACGCAAAGAACTGCA,TAAAATAATTTATCGCGTTATTTGTCTGA
TTTACATTGCAGGGCTATTTTTTATAAG,TTCATTTAGGCGTGGCAATTCTATAAT
AAGCTTTCCGGTTTCAGGTTTACTCTGA,TTCATTTAGGCGTGGCAATTCTATAAT
TTTACAGAGCATAACCTTGTCTAATGT,GAACTTTCTGATGCTGCAGAAAACAAA
TTGTAATAACTTTTTTACAGAGCATAACCT,GAAACGAACCCGTTTCGGGACAATTTCCAA
TTGCCATCCTGGCTCACTCTTAGTAACTT,GAAAATATTGTTCTGAATACGCTTCAGAACAAA
TTCCGCGAATGAATAGTTTTACTGGTATACT,CGAACCCGTTTCGGGACAATTTCCAAAGTCTGT
AAAAAGAGCGCCGCGACCTGTTACGATTT,TTGACTTAAGAGGGCGGCGTGCTACATT
TTGTAAGGGGATGGCTGGCCTGATATAAC,ATGTCACACTTTTCGCATCTTTGTTATGCT
TTGCCAGCCTTTTTTTGTCTCGCTAAGTT,CTGCCGTACAGCAAGCTGTCGCTGAACA
TGCACCTAACGAAAAAACCTGGAAATCTCA,TTCACGAAGTCCTGTATTCAGTGCTGACAAAAT
GGACCTTCTCAACTAACGGCGTATCTAT,CTCATAAATAACACCTTCCCCATAATAAT
TGAAATTGTTTTAGCGCAGCGGCAGTTTCATA,TTTAAAAACAAATAATTTCATTATATT
TTTGAAATTGTTTTAGCGCAGCGGCAG,ATGACGATCACACATGTTAAAACCTATAAT
TTTCATGACGGCAAACAATAGGGTAGTAT,TTGCTGGTAGAAGCTCAACGGACAATTTATAAT
TTCAGAGATTATGAATTGCCGCATTATAGC,ATGGTTAACAGTCTGTTTCGGTGGTAAGTT
TTTTAAATGGTTTTTACCTGTCGGCAT,TTGTATTTTGCTAAGATTTATCTTATGCT
TTAATCATTTCACTCTTCAATTATCTATAAT,TGAACAGGAGGGACAGCTGATAGAAACAGA
TTGAAAGTCGCTTCAAATATATGATGCT,TTGCAGGCGCGGACAAGAATAACGTTATGGT
TTGAAAGTCGCTTCAAATATATGATGCTACTTT,TTGCGTTAGCGGCGTACTGTTGCTGTAAAGT
GTGAAATTATTATGCCGCCAGGCGTAGTAT,TTACAGTTCAGTCCTCTTTTGCTTATTA
CTGGTCGTGAAGGCGATTTCTTGTTATTAC,TAGACGAAAACGAAAAGCCCGCTTAATAA
CTGGATTGCGACACGGAGTTACTTTATAAT,CTGGAATGCCGCATTTGGCACTACTCAT
TTTCCGCAATAAATTTCCTGTCATATAGT,ATCGCAATTGGCCAATTCGCACCTACAAT
TTGCTTAAGCAAGATCGGACGGTTAATGT,TTACCGGGAGTTAAATAGAGCATTGGCTATTCT
TTAAAAAAATAGAGAAATTGCTGTAAGTT,TTCCCCCATTCGCTGGAGAGGATAACCCAGTGA
CTGAATGTGTGGGCTCTCTATTTTAGGAT,AAGGCGACGGCAATGTCCGTTGGCTAAATC
TTTATTTTTAAAAAACAACAATTTATATT,CTTGAGAACCTTGCAGATGGCGTCGCCAG
TTGTACTATTTACAAAACCTATGGTAACTC,TCGGGGACAATATATTTACGCACGTTATGTT
ATGACTCATGATGTGGTCTGCTATTAT,TACGCACGTTATGTTTAAAGGCACTACACT
TTTCTAAGTGTTATAAGGTAGGTATAAAAT,TGCACTATCACGGCAGTAATGCAGGCAAT
TTGCCACCCACGCCTGCCAGATGATATGGT,GTAAAGAAAAAGTGATTCTGGCCGGCTA
CTCCAGATAATTGTCGTCATGCCGGAAA,TTTTTTCAAGGTGAAGCGGTTTAAATT
GAAACAAATCACTATTAAAGAAAGTAATCTAT,CTGCAGACAAAAGGCGTGACGATGGTCGAAAAT
CAAAAGAAACATTGCAATATCAGTTGA,TTTTCTTTATTGGCACAGTTACTGCATAAT
CTTAAGGGTTGTGGTATTACGCCTGATAT,GTCATTGCACCAACATGGTGCTTAATGT
CTTAAGGGTTGTGGTATTACGCCTGATAT,TTCAAGGAATGAATTGGCGTTATGTGTTACGTT
TTGAAGATATGCGAGCACCTGTAAAGT,GGGGCGCAACCGGACAGAATTTTATAAACT
CTTAAGGGTTGTGGTATTACGCCTGATAT,CGAAATTGAACATTTCCGTAATGAGGCAAA
TTGACAGCCGCACTCCATGACGGGTAAAAA,TTGACTCAATACTGTTGCTGGCGGGTTACTAT
TTGACAGCCGCACTCCATGACGGGTAAAAA,TGAACATTTCCGTAATGAGGCAAACAAT
CGAACAATGTGGTCTTTAGTTTCATAAGTCGTT,TTCGCGCTTTTTATCCGTAAAAAGCTATAAT
TTGATGTTGCTATATTGAGGTCTATATT,GTAACCAGTGGATCATCAGCATTAAAGA
TGCGCAAAGTATTTCCTTTGTCATAAAAATAAT,TTGCCAATCTTAAGCAGATGAAAACCATACATT
TTGGAAATATCTGATTTGCAAATTATCGT,TTCTCGTTTTTGCTCGTTAACGATAAGTT
CCGAAGCGGGATCTGGCTGGTGGTCTATAGT,TTCACATTTAATTTATGAATGTTTTCTTAACAT
TTATAACTTCTCTCTAACGCTGTGTATCGT,TTGTATCTGAACTTCCCCTCGGTTAGCAT
TTTATTTTTATCTCACCATGACGCAGTATCAA,TTACCAGGAAAAGCATATAATGCGTAAAAG
TTTATGAAGACCTTGATGAAGCTGATAACAT,AGAAAAAATCGGCTCAAACATGAAGAAATGAA
TGGCGACCATTTACTCGGTGTGTTACATATGCA,TTGCCACTGCGCGATGAAGTATGACGAGTAT
ATGACTGTCATTTGCGATGACAATATGAT,TTGCGCAATTTGTCAACGAAAACAATAAT
CGCAGATGTGCATCTGTGTGTTAAAGT,TTGTCAACGAAAACAATAATGCGTAAGGT
TTCGCAACAAAAACATTATGGATTATTAT,TTGAGGAATCAGGCGGGAGTGATAGAAT
TTGCATGGTGGCGTGCGACAGGTATAAT,TGAAATTCGCGAAAAACAGATGGCTGGCTAA
TTCCAAAATCGCCTTTTGCTGTATATACT,CTGTTATCGCACAATGATTCGGTTATACT
GCAATTTATCCGTATTAAGAGAATCAGA,CTGTATATCTTCCATCCAGCGGGTATACT
TGAAATGATGAAATGATGAAATGATGACAGA,TTGCTAAGGAGAGCGTAAGGTTTATAAT
TTCCCAGTGTGCCTATAGCAGATATTCT,TTGACTCATCGCGCCAGGTAAGTAGAAT
CTGAAGATTCATCTTATTTTGTATATACT,TTTATACTTTAATAAGTACTTTGTATACT
TTGCCAATACATAACATTTAGTTAACCA,TTGCTTCTGATATTGTCCGGCTGGACAAT
TTCACCTGCAAACGGCGCATTTTTAGAAT,ATCGCAACAATGGTTGACCAATTTACATAACAT
TTTCCTCAAGCTGATTATTAGCCTGGAAT,GGGAAGGTTCTGATGTGTCCGTGTTAAACT
TTTACCCATCTTGCTTTCGCTTATATACT,TTAGCACAATGCGATGCAATTGATTTAGTGT
CTGACGATCACTTACAGTTCAGACGTTTA,TTGCCTGGGAGCATACTGCCCGAACAT
CGCACTTCAGGTCAAAAAGTCCTGGTCATA,TGAACTATTTGCAGCAGCAGGCTGGCGAA
TTAAAAATTGTTAACAATTTTGTAAAAT,ATGACCCTTCGGGAACTTCAGGGTAAAAT
TTGCAGCAATAAACCGGTGTGACGAGTATCCT,GAACTTCAGGGTAAAATGACTATCAAA
GAACAACATTTAACTCCAGCGGTCTGA,TTGCTTGAACGCGACGCCTGATTTGATACT
ATGTTACCTCTGAAGACCTCGTCACGTT,TTGCTTGAACGCGACGCCTGATTTGATACT
AAAGGTTAGAACATCCTATGAAATTCAAA,TTGATACTCCCCCCTGACTCCTTCATACT
ATGACGTTTAAGCCATGAAACAAGCTAAAAT,TTGCCTTTGGTGCGCGGCAAATAATTT
CTGAGAGGTGAATCCGTTGAGTATAAT,ATAGCAAAAGCGTGATGAAAATGTTATTTT
TTGGGTTTCGAGGCTCTTTGTGCTAAACT,TTGGGTGGGTTGTATATTGACGTTAGTATAAA
TTGACAATCCCCTGGTGTTTTGCGAAAAC,TTGTATATTGACGTTAGTATAAATAGTATTAA
TTGACCTCCGGCGCTACCGTTGCAGACT,GACCCTATGCTTATAAATATAATCAAT
ATGAACAAATTAAAAGCAGAAATACATTTGT,GTAGATGCAATCGGTTACGCTCTGTATAAT
GTGCTTTTTTATGATTACGCCACATCATAAAAA,GGAACTGGACTGGGAACAGGTACAAAAGGCACA
TTGCGCTCAAGTCTGAAATCAGTAATATATG,TTACCTCAAACTGCGCGGCTGTGTTATAAT
TTGCCAATCCGGTTGTCCGTCTCTACGCT,TGCACCAACATTCGATTAACCCCAGACTAA
TTTAAGCCATCTCCTGATGACGCATAGT,GTGGAAGAAAGGGGAGATGAAGCCGGCAT
ATGAGTTTTGTTTGGCTTATCGCTGGCAAACT,GCCCGTGAACTGATTGCTATTATGTTGA
TTGCATTAGAAAGGTTTCTGGCCGACCTT,TGAACGAGAAATTCGGCCTGCGTTCTAT
CTAAAATTTGATAAAACGTTTTATCTT,CTAGTTATGGCGCGGAGTATTAGTTACGCT
TTGTTAATGTGCAGGCACTGAAGGACAAT,CTCAAGCAGTTGTGCCTCTTTGATGGTGA
TAGGATTCTTGCTTTAATAGTGGGATTAA,GTAAAACATCCCTACCCTGCTTCAGGTATACT
ATCACATAAAATAATTTTTTCGATATCTAAAAT,TTAAAAATATTTTCAGTGAATATAAAAT
TTGACTTATACTTGCCTGGGCAATATTAT,TGACGAGTATTTAACTTGTTATGAATAA
GGAACTCCTCGCCAGAAGGTGGCGATTATCTAT,TGAATAACATAGAATAGCAGCCATTCA
CAAACTTACACCAGAACAATGGGCACA,TACAAGCAGCCTGATGTTTGACGAGTA
TTGCAATTTTATCAATAAAAGTAGTAT,GTGAAGTGTGCCTCGGTGGCGGTATTAT
TTGCAATTTTATCAATAAAAGTAGTATTGT,TTCGCACTTAATTACAAAATTAAGTATAAT
GAAAATATTTATCCTGCATCGGTGAGTCAGA,GGAACACGATTGCTAAGGGATATTTCAAA
TTCACCGTACCGCTCTGTGACGTACTATAGT,TTGCCAATCTGGCAACGGATGTTATCAT
TTGTCATTTTCAGAAAATATTTATCCT,TTGACTTATCCTCACTAAAGGATAAAAC
CATTTTTCTCCCTTATTGGCTGGCTACACT,TTGCCTTGATGGTCAATTTTATGGCACGAT
TAAACATACTTACAACTCCTGAAATCAGT,ATGGGAAGCGCCTCGCTTCCCGTGTATGAT
GTTTTCTGCAGATTCGCCTGCCATGAT,TTGCACAACTGAATTTAAGGCTCTATTAT
GTATTTTTTAACAATAAAAGCTATTAA,GTGGCTCGATGTAGCGGTATAGGCCATAAA
TTCTCTCCTTTTAGTCATTCTTATATT,TAAACCTTTTTCTCCATGTTTTTCATA
TTGACGTCCATTAACACAATGTTTACTCT,TTACCATCAACCCGAGGCCTCCTATATGCT
GTCGAATTGATAGTCGTTCTCATTACTAT,ATACCGATAACCCCACCGTGGTCGCCT
TTGACGCCCTTCGGCTTTTCCTTCATCTT,TTGATTTACTGGCTGATCGTCTGAAATT
TTACTTAACATTTTCCCATTTGGTACTAT,GTGGAAACACAGGGGAAATATACCCAG
TTGATGGGCCGTAGATATCGGCGTCCAGAAT,TGAACTGGGGGCGAGCGATGAGGCCGA
TTACCACAGATGCGTTTATGCCAGTATGGT,ATAATCCCCAATGACCTTTCATCCTCTATTCT
TTGTTGCGCCAGTTCCGTGAGTGCCAC,TTTAAAGCTTGTCAGGCGCTGCTACGCT
TTGCATGAAAACGCGAGCGGAGTATAGT,ATAAAGCTGGATCTGCATCAGGCGATTG
TTATCGTTGGTTTAGTTGTCAGCAGGTATTAT,ATGCCAGGCTGTAATCAGGCAAGGATATAAT
TTGTCCTGTAACGTGTTGTTTAATTAT,TTCGTTTTAGCGCCCCGCCGCAGTATCAT
TTCAGCCTTCGTTTAGGTTACCTCTGCTAATAT,TTCGCAGCAGCAGGAATGGAGTACAAT
TTGATTGTAGCCGAAAACACCCTTCCTATACT,GTAGCGTGCGTGGTTTCTCATCAGGAAAAT
TTTACAAATCTTGATTCCTGAACTGATAGGCT,GTATCGGCGCATTAACTGTCATTGCTGGAGAAT
GAACTCTTTCTTCCCAGGCGAGTCTGA,TTGTCAGCCGCCCGAATGGACGTAGAAT
ATTATACTTTTAATTTGCTATACGTTATTCT,TTGCTGTCGATCTGGGTTATGCAGCTTATTGT
TTGCAGAAAAATGAGAATTCGTGAGTACGAT,AACCTGCCTGCAAGTCGAGCCTTGTCTGA
CTCATTTATGAGTAAACCTTTCACTATTAT,GTGTATACCCTGGCGAAATTGTATAAT
GAACCCTGTTCTATGGCTCCAGATGACAAA,TTGCCTGCTGATGTTCTGCCTCGTTAAATT
CAAACCTTCTTTGGATGTTTAGATGTCCAT,TTGCACTGAAAGAATAAAATATTGTGAT
TTGCATTCTGTTAACAAACGCGGTATAACAA,TTGGCGTAAATCAGGTAGTTGGCGTAAACT
TTGCATTCTGTTAACAAACGCGGTATAAC,CTAGCGTAGAGATGACGAGTACGTTAGTCT
TTGTACCTTCGCAACTCTGGTTTACAAT,TTGTGGGACATCGCCTATAATTTGCATTATCAT
TTACATACAGATATAGCACAGGCTATATTAT,GCATATATTCCCCAAATCGACACACGGA
TTACATACAGATATAGCACAGGCTATATT,TTAAGATTTTCCTCAGGTAACCACCTATAGT
ATGACTAATGCCGATGGGTCAACTATACT,TTTTCGGCACATTTCTCCCCAGAGTGTTATAAT
CTGCTGGGAAAATTCCGAGTTAGTCGTTATATT,TTTACTTATTTACAGAACTTCGGCATTATCTT
TCAACTTCCTGCTTTTCCTGCCGATAT,TTGCTGGTTCGGTGACGAAGCGTAATAAACT
TTCTCACTTGCCCGACATATGCGTAAAAT,TTGAGAAATGAGAAGATTGGCTTTAAAAT
TTTACACTAAATCTGATTTGATATATTGATACT,TGCACGTCTCAAACGCCAGCTGGCAGA
CTTTAAGGCGAAACAAATAATTACGCAT,TGCACGTCTCAAACGCCAGCTGGCAGA
TGAACGTGCGAAGCCCGAACGTAGTGTTCGGA,CTGGCTATCCTCCAAAAGGCCGCGACAT
TTGATATATTGATACTTAAAACATTTGATGCT,CTGGCTATCCTCCAAAAGGCCGCGACAT
TTTACTTTATTTGTCACTGTCGTTACTAT,TTGTTACTGATGTCACAAATTGAGCATATTTT
TTTCCTCAGCTCCGTAAACTCCTTTCAGTGG,TTGCTCTGAGTGTGATAAACCTTTTTATTCT
GGAAATTTGGCATTTTAACAGTCCCTGTCCGT,GGCACATCTATTGCTTTGTTATACAAGGCAAA
TGGACAGTTAACCGATTCAGTGCCAGATT,TTGTCAAGATATTGTCCATCTTTATATAATTT
CTGTCAATTCGGGATATATGATTCCATACA,GATGAAACCGTCAGTGCGCCAGTCGCCAC
GCAACCTAAAAAGCAATATAAATCAGA,TTGACAAAAATGACTTCACTAAGGAAGGT
TTGAACAACGCATGTGGAAAAAGTTACACT,TTGAATCCCGATATCATCATGAAGCATGAT
TTCGGTCATTCCCAGCGGGTAGGGTATGAT,CTGAAGAACGTTGCTCTGAGTGTGATAA
TTCCCCTGAAATGATTAACTCCGGTATCAT,TTGTCAAGATATTGTCCATCTTTATATAAT
TTTAGCAACTGTAACAAATATTAAAAT,TTGAATCCCGATATCATCATGAAGCATGATGAT
TTCCGTCCTCTTGTTTATCAGCGTGTTAGATA,TTGGCACATCTATTGCTTTGTTATACA
TTCGCATTCATCTCGCTAACTTCGCTTATTAT,TTGCATATAACCTTCTAAACGTATGGA
TTGCGATACGAATTAAATTTTCACACACT,TTAAATATGTCGAAAGTAAGCGTTATGCT
TTGGTATCCGGCGCGGCGCGCCAGTAATAT,TTAAATGAAGCTCGCCTTGAGCGAGATATATT
TTCCCACGCTGTTTCAGAGCGTTACCTT,TGAAATTGGTTTTGTATTTGGGGAGCAAT
ATCAAATTGCCTTTAGCTACAGACACTAAGGT,CAAACGAGGGATTATCTGGTACAACTATCCAA
TTTACAGCACCGTGAAAAATCTCATAATTT,TTGAGATTCCTTGCTTTAAATTTTATTTT
TTGGTATGACCAATGCACCATTCATGTTATTCT,TGAACTGCCGCCGGTGAAAATTCACTGTTCTAT
TTGCCGAAAAGGGGATTGTTGTCGCAGCATAAC,GAAAATTCACTGTTCTATTCTGGCAGA
TTGCTTGCACTAGACCGACTGGTCTACTACACT,TTGACCAATTTACTCGGGAATGTCAGACT
CTACATCTTGCTCCTGTTAACCCGCTATCAT,ATGAAGGCGCGACTATTACCGACGAAGC
TTAACGATGATTCGTGCGGGGTAAAAT,GAAACCTGTCGATCTGAGTCGTTTTATCAGA
CTCACCTTAAGCTATGATTATCTAGGCT,TGAACTTAACCGGCCAGGCACCGTACAAACTGA
CGAACGTGATGCATGTCCGCGATCGCA,TGAACTTAACCGGCCAGGCACCGTACAAA
ATCAATAAGCGGGGTTGCTGAATCGTTAAGGT,TTGCGCGTTCTGCGCGGAACACGTATACT
TTGCAAGAGGGTCATTTTCACACTATCTT,TTGGACAAAACGCAAACTGTGATCGATACT
TTGAATCTTTTTTCAACTACATCTAGTAT,TGAAAAATTTTCCATTGTCTCCCCTGTAAAGCT
TTGTTGTATCGTCAGTTCAGGGTAAAAT,ATCTCGTCGCGACCTATAAGTTTGGGTAATAT
ATTCACAGTGTGGTTATTTGTTACACA,TGAACTTTTGGCATAGGAATTTTATATCTTT
TTGCCAGGCTTAATGCCAACCAGATTGTAGTAA,CGAAATTATAATAAAAAACAGTTCTGA
TTGCCAGGCTTAATGCCAACCAGATTGT,TTGCGACCACCCTGGTGCGAAATTATAAT
GGCACTCCTTAAATATAAAGCCTTTCTGA,TTGATAAGTTTGCTCGCGGGAATAAAGA
TTCACATATTTGTGAGTTACCGTATTCT,TTGCGAAATCTTTGCAGCCAGAATTCTACCCT
ATCTCGTTTTCCTTAACCATGTTACATAGAAT,TTGAAAACCCTAGCCCATGGGCATATCAT
TAACAAAAAACCAGTCCGCGAAGTTGATAGAAT,TTGCATAATGATATGCAACAAATGTATAATAT
TTGTAAAAGATAAGTACACTGATCCATAAT,CAAAAGCGACCGACAAAAGCATCGGATTA
TAAACGTCGCTGTGGTTTGCTTTAAAATCTGA,TTGCATAATGATATGCAACAAATGTATAAT
TTGCAAAAATTTGCCTGATTTTACAAA,TTTACACTTTATGCTTCCGGCTCGTATGTT
TTGGATTATTAATAAATATTGTCTAGAGT,TGAACAACCCGCTAATAACACAATCAAA
TTGTCGGAATGGCTGGTTATCCATTAAAAT,TTGCAAACATTTCAGGGATGAAGTGAAGAT
AGTCGGTGATAGTAATACGTAACGATAA,TTGCAAACATTTCAGGGATGAAGTGAAGAT
ATGATACACGCAATTGTGGATCAATATAGT,TTGCAAACATTTCAGGGATGAAGTGAAGAT
ATCCTCGTGCTGTTTCTCACGTAGTCTATAAT,CTGCACTATCCGACACTGTCACCATCCATAAT
TCGTGCTGTTTCTCACGTAGTCTATAAT,TGAAACAGCTGCGTAAAAACGTACTGGCTAA
ATACAAAATTTGTGATTTTACTTAACTATTGT,TGAACAACGACCGTCTGAATCCGGGCGAA
GGGCCAGAAGTCGATACGACCTGTGCTATGAT,TTTAATCGCGCATGATCGAAAGATAAT
TGAACATGCTGCCACACTAACAATTCTCTGA,TTGACATCCGTTTTTGTATCCAGTAACTC
TGATCTTTAAAAAGATCTAAGTTGTCATT,TTGACGAAAAGCTGAAAACCACTAGAAT
GGCACAAAGGGCGGAATAATTCACTATCATT,TTCATCATCAGTCTGGTGCTGGGTAACAT
CGACCTTTACGGCAGGTCATGAACGAA,TTGATATTGCTCGCACTGGGCGAAGGT
CGAACGTTACCGTTGTGGTTGCTCAAT,TTGCCAAGGTCGGGGTCGCGAGTTCGAGTCT
TTTCCACACCTAAAATGCTATTTCTGCGATAAT,TCCACTTTTTGTTGCCTTAGATATCAAT
TTGGCATTGCTATAATATTGGTTATCAT,TTGCCTGTCATTCACTGCAATAAAGACGATTTT
TTCGCATTATTTATCTCTTTTCGTTTCTATACT,GTTGCGTTTTGCGTAGCTGCTTCCGCAT
TTCACTTTCCGCTGATTCGGTGCCAGACT,GAAACACTGTATGAAGAACTGGGCAAA
TCCAATAAATCATATTGTTAATTTCTTCACT,TTGAAACACTGTATGAAGAACTGGGCAAAAT
CTGGCAAGACCATCGTGCGCGTCAACAT,TTCCAATATCATAAAAATCGGGTATGTT
TTGAAGCTCACCTGGCGCAAACCGCTTAAGTT,GTGCCGTTATTTTATGCTGACAAAGGCACTTT
ATCAAGTTTGAAGAGCGTTTTGCTGGCAA,GAAACTATCGACATCGACGGTTACCAGTTCAAA
TTGCCATAACGAGAAGGGGTTCACCTAATCA,TTAAGACAACTTGAACATAGACGATAG
TGAAATTCTCCAGATAATGCTGGTTCTGT,CTGGCAATCGGTGTAGTGCTGACCCGCAC
TTGGCAGTTTGGCTTCTGCCACACGTTTAAGCT,CTTGCTGTACCGCGCGATATTCGCTAT
TTTCCTGGAACTGGCGTTTTCAGTTATGAT,CTGAACAATTGCATTAAAGATTTAAATATGTT
TTTAAGCTGCATGAAATTCTCCAGATAA,TCTCTGCCCGTATCTTAAGGTCTATGAT
TTGACAGCGTGAAAACAGTACGGGTACTGT,TTGCATAGACTCGACATAAATCGATATTTT
TTGCGACGATGGGCACTAAATGTTAAAAG,TGACAACCGCCCCGCTCACCCTTTATTTATAAA
TTGACGAGACGAGGCGAATCAGGTTTAATGC,TGTAAACCCTTAGCGCAGTGAAGCATTTATTAG
ATAAAGTTGTCACGGCCGAGACTTATAGT,TTTACTCGTCCTTCCGCTTTCAGTAGTGT
TTCATAAATCTGTCATAAATCTGACGCATAAT,CTGCCGGAAGGATTGCCAATCGTCTGCTACAAT
CTGTCATCTTTCCAGTAGAAACTAATGT,TTGAGGTAAGCGTTAGTTTCGATAAGATAAACT
TTGCCAGTTCCGGGTATTCTTCAGCAGAAAAA,ATGGTGTTTTTGTTTTTATCTGCTTTATACT
TGCACAAAAATAATCATAATTATTTTCTGA,TGGAAAGAGGTTGCCGTATAAAGAAACTAGAGT
CTAACGGCTATGGAGTTAAGTATGTAAAAT,ATTACGCAACGATAATAGCGGGTATAAGAT
TTGCACCAGAGCCTGGCGACAGGCTTAAAAT,ATGAGGAAGGTCAACATCGAGCCTGGCAAACT
GTTGATTGCACCAGAGCCTGGCGACAG,TTGACACTCATCGGGAAAAAAAACATAAATT
ATCACGCATCTGCGTGATGAAGCTTAGTGA,GGAAAAAAAACATAAATTTAAGCCCAATCGAA
CGAACACTAACTTCTGTTCGATGGTCTGT,TTGAATTCCTTTTCCGTTCACATATTGACACT
CTGACGAATAAAATAAAAACACCCTGTATAAT,TTTAAGCCCAATCGAAAATAATTAAACT
TTGTATTCGGTGACTTTCTGCGTCTTGT,GGAACGTGATGGCGTAGCGTTAGCTGA
CTGCCGCCGCAGGGCTACGCTGCCGACGA,TTGATTTGTCTTATTTTGTAAAAATATATCGT
GAAACCATAAAAATGAAATGCTGTTTTCATA,TTGTAAACGGCAATTTTGTGGATTAAGGT
TTGAAGGTTCATTTTATAAACCAGACATAACGT,TTGAGTTAATTCTTAAGCTATGATACA
ATGAAATGCTGTTTTCATAAAAAATAAAAT,CGCACTACAGCCGGACAGAGCAGGTCAGT
TTGCTATTAATATTTTGACGAATGATAAGGT,CTCGCAGTCATCCTCCCTCACTCCTGCCATAAT
GGCACATTGCTATTAATATTTTGACGAA,ATGAAGATCTGAGCCGTTTTATCCTATAAT
GTGTAAACACTGATTGCCTCCCCCCCGT,CTGCCATGTCATTCCTCGCGCCGGACATAAC
TTGCCTCCCCCCCGTTGATGGGTAAAAT,TTGAGCAAATCCCAAATAGCCGTTAAAAT
CTTGCTGATCCCGCGCAACAAAACGCCAT,ATGTCACGGTAACGCCTGTACGGTAAACT
TTGTTAAAGATATATTACAGATTAATAATAT,TTGATTTAGACGTCTGGATGCCTTAACAT
TTGCAATCGGTGTGGAAAACGGTAGTATTAG,TTGACGCTGCAAGGCTCTATACGCATAAT
ATCACAAATTTAAACACTGGTAGGGTAAAAA,TTGCATTTTTTACCCAAAACGAGTAGAAT
CCGGAGGGTGTAAGCAAACCCGCTACGCT,TTGACAAAATGTGGCGTGGATCACTATAAT
TTGCATTATTCGCCTGAAACCACAATAT,TTGCTAAACCATGTCGATTACGGATAAT
TTGCCTCAGATTCTCAGTATGTTAGGGT,TTGCTTATCAGAGATATGCCCCCATATGTT
ATAGATCTCCGTCACATTTTTGCGTTATACA,ATCGACAACAAAGTGGTCCGCGTACCTTATGTT
GTGGTTTTTTTGCTGTTAGCAACCAGACTTAAT,TGAACCGACGCGCGGTATTGATGTCGGGGCGAA
TTGACCACTTAATCGGGACTGGTGTTATTAT,TGAAATTTATCAGTTAATTGCCGAACTGGCGAA
TTGATATCCAGCTCGAAGAGGGGATCGT,TTAACATTCATTGAGAAAACTGATGCTACTGT
TTGTATTCACTGGTGGTATCGGTGAAAAT,TTATTTTGTTAAAAACATGTAAATGAT
TTCAATTCTTCCTTTAGCGGCATAATGT,GTACAGCGCAACTTATTTTGTTAAAAA
CTGTAACTCTGAAAAAGCGATGGTAGAAT,GAACTTATTGCCCATCGTGATGCTCCAA
CTCGCAAACGTTTGCTTTCCCTGTTAGAAT,CAAACTCGTCGGCGTGATCCCAGAGGATCAAT
TTCCCCTTTTCGTCAAGATCGGCCAAAAT,CGACACGTATTGAAGTGCTTCACCATAGCCT
AAGACACACGCAAACGTTTTCGTTTATACT,TTGAACAAAAACAAATCACTAAAGCCTATTTT
ATAAAGACACACGCAAACGTTTTCGTTTATACT,TTGCATGGTTAAGGTCAAAGAAAGATAGGTT
CTGGTAAACGACATTTTCTCTTCGCCCT,TTGTCATCGGCTCCGTTCGCCGTTATGAT
GTGTCGCTGAGCACTAAAATTTAATGT,TTGAAATTATTTGTATTGTATTTGTATTAT
TTGTGAATAACCAGCGCTTCCGGCAGGAT,ATACAGTCTGTGGCGTTTTTCTGACATAAT
TTGCAAAAATGAAAACCCACTGCTAGATT,TTGGAATGAAGAGAGTAACGAATGGCTAAACT
TTTCCTTTTGGATTAATTTCAGCGTATAAT,TAAACTTTCCCAGAATCCTGCCGATAT
TTCCCTTTTGGTCCGAACTCGCACATAAT,TTGAAGAAAAGGATTTGATAATCCGCAAAAT
TTAATTTTTTATTTCCACGGGTAGAAT,TGACCTGGCGGACTGCTGCCGTCAGGTCAAT
TTGTGGGGCTGCGCTGAAAAGCGACGTACAAT,TTAATCAACGAAATTATAATGTTTCTAAAAT
CTGTACAGAGCGCGTTACAACACGGTTTACTGG,TTATAATGTTTCTAAAATTAGAATATAAT
GTTTAATATGGCAGAACTTCTTCGCCAC,TTGTTACAGGCCAGGTTTATCTTAAAAT
TTGCCAACCTTTCCTTTTCTTCTTACCGT,TTTTGATGGTATGTGTAATGTTATCAT
ATGCTCTCCTTTTAGATGTATGCCTTATACT,TTGGATTATCAGAGAGCGACTTTTATAAA
TTTTCCCAACTCAGTCAGGATTAAACT,TTCTTATATGGTCAATCACTTTCCTTAAAGAAT
ATGAGACATGGCAACACCTGGTTAACAAGAAT,TTGCTGTAATTAACCTTTTAGGTTATAAC
TACACTTTTTACGAAATCATGGGATCACT,TTGTCGCTGCTGCGTGTGGTTGGTAAAGT
TTTACTTTAAGACAATTCCAGGCAAATTAT,CTGCCGTTTAATCCGTTTTCACGTAGAAT
ATGAAAGATTAATTAGTCAAGATTATGAT,TTGCTAATGAACGTCTGATGCAGATGAT
GTACCGGATGATGTTAAGAGGCTGTATACT,TAAACTATCAGCTGATGGTTTATCTATACAAA
CTGGAATTTCACACTGTACCCTTTATACT,TAAACTATCAGCTGATGGTTTATCTAT
TCTTGCAGTAATTATAAAAGCCGAAAA,CTTGAGACCACATGGGGTCGGCGCCCCGA
TAAATATAAAATTATTTCTTGCAGTAAT,TTGCCAGTTGGTGTTAATGTTTTGTTAGAAT
TTGTAATGACAACATTTTGCGGCTATTCT,TTGCAAAAGCGGAGAATCAGCTATCCT
TTGTAATGACAACATTTTGCGGCTATTCT,TTGCAGAAGCGGCGAGCGGCATTGATAAGCT
TTGTAATGACAACATTTTGCGGCTATTCT,TTTCTGTCTTTTGTACTCGTGTACTGGTACAGT
TTGTAATGACAACGTTTCGCGGCTATTCT,TTTATAAACAATGTATTTTCAATCCGTTATACT
TTTACTGTATATAAAACCAGTTTATACT,TTACTGGCTAAACCAGAAAACTTATTTTATCAT
TTGCAGTTTCTCGCGCAGGCGCTGAAAAT,TTCATTTTTGCGGGTAAAACAATATACT
TGAAAATAGCGCCTGTTTTTATTTCAGGCAAT,CTCGACGAAGCTGACATTTATTGCGGTATTAT
TTGCAGTTTCTCGCGCAGGCGCTGAAAAT,ATGGGGTGTTGCTTAATTGATCTGGTATAAC
GTCACATTCAAATGCGATTCTGCTACAAT,TTGTAAGAACACATTCATAATATTCATAAT
CTGAAGGGATTCGGATGTGATGGTATGAT,TTAAAAAATATGCGCTTATGATTATTTT
GACATTCGTGTCTGAGATTGTCTCTGA,TGAAACTGCAGGCGGCAAAGCGGTGACGGA
TTAGGAAAATTCCTGGAATTTGCTGGCATGTT,ATGCATCTTTGACACATCCTTTAATATCTT
TTGTAACGTTCTAAATATATTCCTAAAAA,ATGCATCTTTGACACATCCTTTAATATCTT
TTGCCGAAGGAAGATTGAGTCTATTAT,ATCAGCACTTCACCCAATTCATCCTTAATTCT
CGAACCTTCTCTTTTGTAACGTTCTAA,CCCGCGGTTACGCTTTCTTATCTATTCT
CACACCTGATTCCTCTCTAAATACCCTATCCGA,AAACCAAACCGGGCATTGGTTATCCGA
TTTCGTATGAAGATACTGTCATTAAAAT,ATGAGATTTTTCACGGTGCTGTAAAAT
TGAACGATCAACAAAGGGCCACTAGCACA,TTGTGTGCTGCTGACCTGGCTGGTTTATGGT
TTGAATGGATATTATCCATATAGTGAATTT,TTGCTAAAACTCATTTTATTTTAAAAA
AAAAAGTGCCAGTATGAAGACTCCGTAAA,TTACCATTTCTCGTTGAACCTTGTAATCT
TTAACCTTGACCGCTGTACAAGGTATACT,TTGCCTCACTCCTGCCTGACCGTTAAGCT
ATCATTAAAGAAAGCCGCCCATTTATTCT,TGAATTTTCGCCGTCTGGATATCGAAGGTCACA
TGAACGATATATTTTTACAAAATAAGACAAA,TTGAAAATCGGGTAATTACGACGCTAAATT
ATGACATGCATAATGCTGATTTTTATGAT,TTATTTTGCCGCAGGTCAGCGTATCGT
GGAAATAACAAATAGTTCGCTCATGACTAT,TTCAGTAGGGTGCCTTGCACGGTAATTA
TAAAAGCAGTTCCATTACTTCTCCGGTTA,CTGCAGCACCGGAAGCTCCGGCTGCTGA
TTGCCTGAGGCGGTTTTTTTGTCTCTAACGT,TTGATGCAAAGCACTATATATAGACTTTAAAAT
TTGTAAATATAACCGTCTCCGGTATGTT,CGGCAACTGAGTGAACTCCCATGAGCAT
ATCAATACACTTCAGGGGGGTATTATTGT,TGCAATTCACATTGCCGAAAGCGTGTCCGA
GAACTACGCACCATTGAAGGTGTCTTA,TTGACTTTTAATTTGATTTGAGGACGAT
ATTAACATCATCAGCACAGCCTATACT,TTGACTTTTAATTTGATTTGAGGACGATTAT
TTGCGCTGTCAGATGTAACTCTGTAAAAC,ATTAAGCACATCACAGTAACCGCTGATCA
TTGATGTATAAGGCGATTGAGTATAGAAT,CAAAAGTATTCCCACCAGCTGGCTGAAGA
TTGATTGATGTATAAGGCGATTGAGTAT,TTAGCTGTATAAAAGAATTTCTACAGT
TTGATTGATGTATAAGGCGATTGAGTATAGA,TTGCATCTGTTTATTCGCTGGCGATGTT
TTGATTGATGTATAAGGCGATTGAGTATAGAAT,ATCACAGTTACCGTCGAAGGTAAAGAT
AGCTAAAACGCACGACCATGCGTATACT,TTGTTTTGTAAGGGTAAATTAACTAAAAT
CTGACCACCGGGCAACTTTTAGAGCACTATCGT,TTGTAAGTTTTCAACTACGTTGTAGACT
AAACTGTCGATGTGGGACGATATAGCAGA,TTGGATTATTCTGCATTTTTGGGGAGAAT
TTAAGCGTGTATACCTTGGGGAAGACT,ATAACGTATAGCAAATTAAAAGTATAAT
TTGGCAGACTGAACCTGATTTCAGTATCAT,TTGATTAAGGTTTTACTTAAGGCGTAACAA
TTGCAGGAGAAGGGCTTTAGTGTTAACTT,TTAAAAGTATAATTTTTATTTTGTATGTATTAT
TTGAGCAAGTGATTGAAAAAGCGCTACAAT,ATCAATAATGTTTCGCCGAATAAATTGTATACT
TTGGTGTCCACGACGTATTTGTGGTATAAA,TTGTATACTTAAGCTGCTGTTTAATAT
TTGTTCGCCCCTGGAGAAAGCCTCGTGTATACT,TTCATACCAGATTTAGCTGGTGACGAACGT
TTTACAAAGCAGCAGCAATTGCAGTAAAAT,TTGATAATGCGCACATTGGGTATAACGT
TTAAAATTCAATTTATATGGATGATTATTCA,TTGCAGCAATATGGCGACGCCATTACATT
TTGACTCTGTAGCGGGAAGGCGTATTAT,TTAACACTCTCAAGATATAAAATTATTAT
TTGACTCTGTAGCGGGAAGGCGTATTAT,CAAGCTAACCCCGCCATTATCAACTATGCT
TTGACTCTGTAGCGGGAAAGCGTATTAT,ATGTCTGGAGCTGGCTTGAAATGATAAC
TTGACTCTGAAAGAGGAAAGCGTAATAT,TTGGCTGTTCTTCGTTGCAAATGGCGACCCC
CCAGGACACGGTGGTATTTTAGATCGTA,ATGGCGACCCCCGTCACACTGTCTATACT
CTGGAAAGCATCGGTCATTGATACGGCAA,GAAAATATCTGACCGTTGGTTGTCCAA
TGAAATAGTCTATCACTTAACTTAATTCACA,GGAACAACCGTTGCGTGGAAAATATCTGA
TTAACGCTATGTACATAGCAGCTAAAAA,TTATCCCTATCAAGCATTCTGACTGATAAT
TGAACGCATCGCGAAGGTGCAGGGCAATCATA,GTGGTAAGCGAAGCCGGGGAATCTGAGTAAAAT
TTGCCAGGCGCGAAAGAGCTAACCTACACT,TTGCCCCCACCAATGTGACTGATAAAAT
CACATAAGGGTGGCAACATAGGCTATACT,TGCACGACGCCTTTGGTATTACCGGCGGTCACA
CAGGCGCAGGTGGCAATAGCATGCCACTAT,TTGGTATTACCGGCGGTCACATTCCTAAATT
TTTCCGCGTCTTGATCCAGGCTATAGT,TAGACACTAAACAAAAATCGGGCAATACT
TTATTAATCTGTTAACATTACGTTATCTAAAAT,TTGATCTCCTGTGACTCGACGCGGCAGATAAT
TGGACTCAGACAGTAGAGTGTGTGTTATGGT,ATTAAGCACATTGAGTTCCGTGACGATCG
TTTACGTTGTGCCTGTACCCATTTAATAT,CTGGAAGTGCTGCTCGCCCTAACCGTTATACT
GTTGATTCAGTGGGATGCCACCTCCGCAA,TTGACGATCGCACTTTTTGCTCGTTATGAT
GAACTAAGCGCCTTGCTATGGGTCACA,ATGCTGAGCTATGATTAGCCGCTATTTTTTT
TTGATTTACAGAGTAAAGCGTTGGGATAATCT,TGCCCGAGTCGGCAATTGTAAATTCAACATTCT
TTGTAATGATTTTGTGAACAGCCTATACT,CTGGCGCTTAATCCACAAGGCGCTAAACT
TTATGGGCAGCTTCTTCGTCAAATTTATCAT,CTGGCGTTTTTCCAAAACTGGATTACAAA
CGCCCCTGAGAGTGAGTATCATTTATAAT,TTGTTTCATGGCTTAAACGTCATTTATTCT
ATGATAAAACCGATAGCCACAGGAATAAT,TTGAGTCGTCGAAATCGTCGCTAAGAT
TTGCCATTTTTCCTAATTGCTGATGGGAAAAT,GTCGAAATCGTCGCTAAGATAATTATACT
TTTATTTTCTGACAAGCAGCGTAAACT,TTTTCTGCTAACCCTGTGACCTGCAATACT
ATCAAAAATAGCTCATTGCCTTACTATAAT,TTGACTGAAATCGTACAGTAAAAAGCGTACAAT
TTGCTTTCTGGTTGTATCAGCGATACT,AGCACAAGGTGCATTTCATGGTATAGT
TTTACTAATAATCTCAATTGCTGGCCCTATAAT,TTGACGAGATGTGCAGATTACGGTTTAATGC
TCAACTTGTTTTATTTTTACTATCAAA,TTAGTCACTTTTAATTAACCAAATCGTCACAAT
TTGAATATATTTTGCGCGGAAGTATTCA,ATATCTTTAACAATCTCAGGTTAAAAA
TTTACTACTATCAGTGTCTTAAATAAAGT,GAAACGTTGATACGCAATAATGGCAAA
TTGAATTATATATCACGTCTTATAACAAAGT,CGGCGTTTATGTACCTGGGCGAATTGATTGA
TTGAATTATATATCACGTCTTATAACAA,TTGATTGAGTTCAGCAACACGGACGAT
CTGAAAAATAGGGATGTGCATCTTTATATATT,TGCACAAAAATAATCATAATTATTTTCTGA
TTTAGAGCAATAGGCCATCAGGAGTATAGT,TTGCCCATGCCGTTAAAGTCACTGATAAT
TTGCAGATGCGCTCTGTCGAGGTAGTCT,AACCTTTTTACATTATGAGCGTCAATATCA
TTTCATGTTGCCGCTAATCAGCCATAAAAT,TTGCCGTTGATAAAGAGTTTATCTGTTAATCT
TTGACACTAAGGGCGGAGTGACATAATTT,TTGATAAAGAGTTTATCTGTTAATCTGTAAATT
TTGACAATCTTATCGTGAAGGCATACTTT,TTCAATAAATTGCGAAACAAGGTATACT
ATGAAAACTATAAAGAAATATCTATTAT,AGCAATTCACTGGAAACTAATGTATTGT
CTGGTTAGCATAAATCTATTACGCGGCAT,TTGTTACTAATTTATTTTAACGGAGTAACAT
TTTCCATCAACAAAAATCCAACAAATAATAT,AGCCAATCAAACGAAACCAGGCTATACT
GGAAATTTGGGTAATACGTTGTTGGACCGA,TTGCCAGCCAGCTTATTGCTCGTGATAAAAC
TTGCAGCTCATTTACTGCTTCATCAACGAAAAT,TTGCCAGCCAGCTTATTGCTCGTGATAAA
TTTCAATATCATTTAATTAACTATAAT,TGCACCGGAGCTGCAGGGTGTCTATATCGAA
TTGTCTCACCTTTTAATTTGCTACCCT,TAAATAGTCCGGAAGATGCGCCGAAGA
TTGCATTACCTTAGTTCAAGCTTATAAT,TTTATCCGCTCCATCGCGGGCGGATAATCT
CTGCGAGACGGCTTAACATGCCTGTTGTAAACT,ATGGCCTTGTTCTTGAAGGCTATTTAGAAT
TTGCCGGATGGCGGGTAAGAGGCTAAGAT,ATAAAAAGTGATCGTCAGGTTACATATATT
TTGCCGGATGGCGGGTAAGAGGCTAAGAT,TTGCTAAATTGCATTTTAAGAGGTGATTTT
TTCGTTAATTCATCTGTTGGGGAGTATAAT,TTTAAATGTTTTATTGCAATCGGTTGCTAAATT
TTGATTAACTCCTGTCGTGATATTTATTCA,TGAAATAAGGCGCACCGGGTTAACACA
TTACGAACGATCGGATTAAGCAATGTAATA,TTTTCATCCGGTTAAATATGCAAAGAT
CGCCACCAAAATCATCGTGAAATGATATCCT,CAAAAGCCGGTAGAGAAAGCGCCAAAAA
TTTTAAATCTTTCAATCTGATTAGATT,TTGACGAGGGCGTATCTGCGCAGTAAGAT
TTGGTAATGGTACAATCGCGCGTTTACACT,TTGACATTTCTTTTGCACTGGTAAACT
GTAAAAGCGCTATTGGTAATGGTACAAT,TTCATTGCAACAATTATGAAACAAGACT
ATGCATTACCCGGAGTGTTGTGTAACAAT,TTGATGCGGTGCTTTCCTGGCTGTTAGAAT
CGTACAAAGACAAAATCACCGTCTTCA,GAACAAATCACTCAGGGCTTTGTCGAA
TGGTCATGGCGCTCATAAATCTGGTATACT,TTGAAGAATCAACAGCAACATGCCAGGAT
TTGCCATCCCATTGCTTAATCGAATAAAAA,ATGCCAGGATGAGTTAGCGAATTACACT
ATGACACTTTTCGGTTTACTGTGGTAGAGT,TTGTCCTCTTGATTTCTGCGTTCAGGATTGT
TTTAAAAACTGCCCCTGACACTAAGAC,TTTTTGACTCTGTACACGGTTAACACT
TTGCCCCTTAAGAATAAGTTGCCTATTTT,TGAAAGTGGCTGGTCTGCGCCGATCAAA
CTGCTTCGAACGGTTGTGCAATAGAAT,TGAACTGACCGGCGGTGACAGCCTGAAATCCAA
TTGATTATCTTTTCGTATAACGATAGAAA,TTGTCAAGCGGGGCCGCAACCAGTAAACT
CTGCCGATAAGTTGTGATAAGACAATAA,TTGCGCAATCTATCCGCTTACTTTATGAT
CAGCAATACCATGCCTGTCTGCTATGCT,CTGGAATCATCCGGCCCTTTTTTCTGATATGAT
ATGTTACCTGCTTAATCCAGCAATACC,ATGACGAAGTGATTGCCGCCGCCGACGA
TGCACACAATAACCACCGTGAATAGGTCTAA,TTTCCTTGCTCTCTTTCCGTGCTATTCT
TTCCCTTCCCTCTGCCATTTTTATATT,AGCGTTGCGCAAACGTTTTCGTTACAAT
TTGATTCACCTTGTTACAGATTGCTATTGT,TTTCGTCAGCGCATCAGATTCTTTATAAT
TTAAATACCTTTAAATATCAACAAGTTAAAGT,TTGAAAGAAAACGGTCAATGGTACTATATTGA
TTTAAATATCAACAAGTTAAAGTATAAA,TTGAAAGAAAACGGTCAATGGTACTAT
TTCAATACTTTCCAGAGTATCGTTATTACAAT,TTGAAAGAAAACGGTCAATGGTACTATATT
TTTAAATATCAACAAGTTAAAGTATAAAAA,TTGCACAAAGTTGCAACATCATGGATATT
TAAAAATCAGCATAAACCCTGATTTTTGTCAAA,TTGACAAACATTTAGTTTGCATACAGA
TAAACTCCAGCCAACTTTATTTCATATCATT,TTTCGTGCAAAGGAAAACGTTTCCGCTTATCCT
CTGAAAAACTGACGAATTATGATAAACT,TTAAAAACTAATACAGAAAAAATAAATATAAT
TTGACTTAGGTCACTAAATACTTTAACCAATAT,TGAACTTTAATTAATTGACTATTCGAAACTGA
TTGCATGAACTCGCATGTCTCCATAGAAT,TGAACTTTAATTAATTGACTATTCGAA
TTGACGCATCGCCCGGTTAGTTTTAACCT,TTGCCTAATGTAATGCGCATAGGAGAAT
TTCTCGACTCATAAAAGTGATGCCGCTATAAT,TTGACGTACCCCTTTGATCCATTGATTTACGCT
ATCGGTGCGCAATATCTACGACTACTAT,TTGCCTAATGTAATGCGCATAGGAGAATAT
TTCAGAATAGACAAAAACTCTGAGTGTAATAAT,ATGCGTGACGAATGCTTTGCCATCCAGTACCAT
TTGTCAGGCTGCGTTGGCAGCAGCTAAACT,TTGCCAGTGCCACCGCCACCTATATGGTAGGTT
TAGCGGCTTCTGCTAGAATCCGCAATAAT,TTGCCAGTGCCACCGCCACCTATATGGT
TTGAATATGATTGCTATTTGCATTTAAAAT,TTGAATTACACAATGAAGAACAGCTTTATATT
TTGACATTCGACCAAAATTCCGTCGTGCTAT,GTTGCGTGCAGGCAATAAAGTCGCCGT
GTGACGCTTTCGTCAATCTGGCAATAGATT,AAGAAGAGTTGTAAATTCGGTCATGATAATAA
TTGCGTATCGGATTTTATCAGGTACAGT,TGACCATCAGGATTGCCATCAGGATCATT
GTGCCGCTGTTCATATTTGCTCATTAAGAT,ATGACGATTATCAGAGGTTAAGGTGATGA
TGCACTTTAGGTGAAAAAGGTTGAGTCGCA,TTGATACTGTATGAGCATACAGTATAAT
TGCACTTTAGGTGAAAAAGGTTGAGTCGCAAA,CAGACATCGCAGGCGGGATGTGTCAGCAT
TTCACGGTCGGTGCACTTTAGGTGAAAA,CTGGAACCTATTCGTATAGTTTATGTATCCT
TTACAAAGGACTTGTCTGAAAGTGCAAGATAGT,CTGTATCTCGCCCCCGATAGTGAGATACT
TAAGTAATTACCGTCAAGTGCCGATGA,TTGCCCTAAGCATGTTGTAGTGCGATACT
ATCTAAGAGGAGTTAAATTTTATACAGTATAAT,TGAAGTTCTGGACGGTGCCGGAATAGAATCAAA
TTTAAAGTAAAATCTTAACTACAATATGAT,TTGAAGTTCTGGACGGTGCCGGAATAGAAT
TTAAATTTTATACAGTATAATCATAATAT,CTGACGGTATAACGCAAACCGGGGAATATAAT
TTACTGATCCGCACGTTTATGATATGCTATCGT,TTTCATGGCGTCCATTGTAGCCTCTTAATCT
CAGAAGTGAAACGCCGTAGCGCCGATGG,GTGGAATATGTTGGAATGATGAACGCAT
TTGCTTTACGAAAGCGTATCCGGTGAAAT,TTTACGTTAGATGAGCTTATCAGATTAAAAT
TTAAATGTGTTTTGCTCATAGTGTGGTAGAAT,TTTCAATATAAAACTACAAACTATTAT
TTGTCTGGAACAATGTCCCCGATAATAT,TTCAATATAAAACTACAAACTATTATCAT
TAAAGTTTTTCCTTTCCAGGCCGAAAA,TTGGCGGGCGTTTGGCCGAGTATAAATATTAT
ATGTTGCCAGAGTTACGCGCGCGTAAAGT,TTGACTATGTTGAGACAAAGCATACGGT
ATAAAACCACATTTTTAGTGGTAGTTT,CTGCCGCTCTTTATCAAGTGAAAAATATAAT
TTGTAGTGCGATTAATCCGTGTACAAT,GTCGCGAATTCAGGCGCTTTTTAGACT
CTCGATCTTCGCCTTCTTCCGGTTTATTGT,GTTAATCGACAGCACGATTTTTACACT
TTGACGAAGCAGCCGTTATGCCTTAACCT,TTGCCAGCGATGCGGCGGGATTACTGACGCT
TTCCTGCTATCCAAATAGTGTCATATCAT,TTTCCATACACCGCTATCCATCTAAATT
TTTTGTTGCGTATTAGATCACTTAATTT,TTAGGTGAACCCCTTCTCGTTATGGCAAAAT
TTGAAGTTGCCCGCGCTTGCAGTACAGT,TTGACAGATTTGTGCCATTCCGTGAACGAT
TTTACAGCATCGCAAAGATGAACGCCGTATAAT,ATAACAGACGCGCTTCACTGATATACT
ATGAAGCTTATCAACGCGATGATGAATATAAT,TGATCTTTATGGACGAGGGTAAAATTGTCGAA
ATGAAGCTTATCAACGCGATGATGAATA,TTAGCATACGTACGCTGTTGTTAAGAT
TTTATTCACATCCAATGCCTGATATACT,TTCCCTTAGAGTCCTTTTTCAAATATACT
ATCACGAAAAAATGTTAAACCCTTCGGTAAAGT,GTCGGATTGCTGCGAAAGAAATGATACACT
TTGTTGTGATTACTTTTGAAAATTAGAGT,TTGCCCGCCGCGTGATTCGCGTTACACT
TTGATCTGCTGGCAAGAACAGACTACTGT,CTCAGATTCATCGTATTTTTTGCTTACGTT
TTGTCTATGATGTCGCGTCATACTATTTT,CGCACCCTTTTCAGGGGCAATGTCGAA
TTGACGGATCATCCGGGTCGCTATAAG,TTGCAAATCCATGGAAAACTCCGGACAAT
ATGCGGAGAATCAGTACACTATTTTCTTATAAT,TTGTAATGTCAATCCACACCCACAGGAAAAT
TTAATTATCTTTACTAATAATCAGACTAATAT,TGAACCCGAACATTCGTGACGACGAACTGA
TTGATTAATTATCTTTACTAATAATCA,TTGAGCGCGCTACCGTTCAGGCGATACAAT
TTTCTTATAATTACATTTGAAATTATATGAT,TTGCCGCGTCAGACAGATTCGCGTAAAAC
TTGTTTAATGCGGAGAATCAGTACACT,CTAACGACATCCCCCGTCGTTGTGTATAGAAT
TTTAATGCGGAGAATCAGTACACTATTTT,TTACGTGACGAAGCGCGCGGCAAAGTGGACAAT
TTGGCATAATTAAGTACGACGAGTAAAAT,TTGCTATAACAAGGCTTGCAGTGGAATAAT
ATGAACTGTTTTTTTATCCAGTATAAT,GTGAGTAAGCGGGTGATAAATGGTAAAAG
TTCCTGTGGATAACCATGTGTATTAGAGT,TTCGCGCCACTCATTTTTCTATGCTTATATT
TTGGCATCTCTGACCTCGCTGATATAAT,TTCAAAGAGTGAGCAACAGTCAGTATCAT
TTGACATGTCTTACCAAAAGGTAGAAC,ATAAAGCGGGTTATTAATCATCTGATTT
TTTTTTTGCCCACCTGTACGTGCCAACTT,TTGTCACGAGCACACAGACGGTCTTATACTGT
TTGACTCATTTTGAACTCTCCCTATAAT,TTGTCACGAGCACACAGACGGTCTTATACT
TTGCCACCTTCCCACTCTGCCGCTAATAT,TTGAAGACGTTTGGGTGTTCACCAACGT
ATGGTAAAGCCACAGCTAAATACATAGAAT,TGAACTTCTGGAAAACCTGGCTCTGACTGA
CGCACTTACTTTGACGTGCTAGTGTATCAT,TTGTCAAAGGCGTGCGTTTTGCGTAATAT
TTGCTTTTCTCTTTCGGTCAGCTAAAAT,TTGCTCACGGTCGTGGCGAGAAAGTTAAAAT
TGAACAAATGGCATGGATTTTAAGCAGA,CTAACGCCGAGCCGCCGGTTTGTCGTATAAT
TTGAACGATGACTAAATAGTGACTGCGAAAAT,GAGTATTCATTTTCTTTGTTTAATTTACTA
TTGCTATCCCCGAAGGGCGGGTTACTATCGA,GTGAAATAAAAAGGCCGTTGGGTTACTCT
GCGGTAAGCAACGCGAAATTCTGCTACCAT,ATGCGATGTTCAGATTCTGTAGACTTATAAT
TTGCGTAAATTGATGATGAATCATCAGTAAAAT,GAACTTGTGGATAAAATCACGGTCTGA
TTGATATTTCTCTGAACGCTGCTCGGTAAACA,TTGTGGATAAAATCACGGTCTGATAAAAC
CTGGATACTGCCTTCACGCAAAGCCACAC,ATCACGGTCTGATAAAACAGTGAATGATAACCT
CTGGATACTGCCTTCACGCAAAGCCAC,TTGCGTCGCAACCGACAATTACGTATTCT
CGAACTGGGTGCGCCGGAGGTGAGTAGTCTTT,TTGCCAAAAGGCCCGCTGGGTCGTGCTATGTT
GGAACGTATCCTAAGTCTCCGCTGGCGAT,TTGCGTTCGGTGGTTAAGTATGTATAAT
ATGCAAGTCTAAGCCTACGAAGATAAACT,TTGCAAAGTTGGGTTGAGCTGGCTAGATT
TTGCCAGAGCGGCTTCCGGGCGAGTAACGT,TTGCAATTCCCGCAAAAATGAGTAAAAT
TTAACTGAAATATATATGTTAATTTTATAAT,TTGCCAACAGCCCACATAGCGCGATATA
GTGCTGGGATTATGATGTATACTATTAT,CAGAAGTGAAACGCCGTAGCGCCGATGG
TTGTCATCAAAGGCGGGAATACTGTTAAGAT,TTGACTCTGAAAGAGGAAAGCGTAATAT
TTTATATTGATTAAATGAATGTATATT,TTGACTCTGTAGCGGGAAGGCGTATTAT
TTTCAAATTGATTTTGTTTGTTATTAT,ATGGCAATTCTCCCTTCGGCAACCATAAT
TTGTTATTATTTAAGTGAGGTATATAAT,CTACCTTTGCATCACTGGCATGTTTAACAT
TTACCTCTCCTTGTTCTGCGTCATAGTATGAT,GAACCCTGAGAACTTAATGTTGTCAGA
TTAAATAAACGAACGCTGTTCTATAAT,TTTCCACCCATTCACAGTGACTATATT
TTTAAACAATTAGTTGAGATATATCGT,TTCGTCGATACCGCGCCAACATATGGCTATAAT
TTGCTGGTTAATTGAATAGCTCATTACACT,CTGCTGGTGTGGCTGAAAAAACAGGGTATGCT
TTTAAGAGATAAAACCGTCTGCGGAATA,CAAACGAGAAAATGTTGAGGGTACCATAA
TTGACATTCATATGAAAAAAATCATAAT,TTCCCTTGAGGGATGTTATTAGACCGCTATACT
GAAAATATGCTGTAAGGCTCATATCAAA,GGCACAAAGCGATCTGGTGGAAGTTATCTAT
CAGAAGCATAAACAGAACTATGCCGGAAG,CGAAAAAACTGTTCAGCGTGGAAGATCAAA
TTGATAATCGCTGGCAGAAGCATAAACA,GTAAAGATGCCGAAGTGATCGACGAAAT
TGAAATTCATTGTTTTGATAATCGCTGGCAGA,GGAACACCGCTTTGCCGCCGCCCGCTGGCAGA
TTCACTCCGAAGAAATACTGGTAATTTAATCT,CTTTAATTCGCGAAGCCCTACGCGCCGC
TTGTCAATATCAGAATCATGGTAAATT,TTGCCGCGCTGGTGGCGCTGGGCTATAAA
TTGAAAATCCCGGTCAGAAGATCGGGATTTT,TTGCGACGACGTGCAGGAAGTTTACCAT
GTGGAAAAAGAAGGGGCGGATCAGCCGT,TTAACGTTTTAGCAATAGCTATATAAT
CAACTTTCGCTACCAAAACTGGTCGAA,GAACTTTTCCGCAGGGCATCAGTCTTA
CGCACGAGTCTGAAAAAGATGCCTGTCGAA,TTGCCTGGCGTCTGGGCGTGCATTGATCCT
TTGTTATGCTAAAGTAGCCACTCTGTAAGCT,TTTATTTATCATACAAATAAATATAAT
ATGAAAATGATAATTGTTATGCTAAAGT,ATGGCAAGTTTCATTTGGCTGATATAAC
CTAAAGTAGCCACTCTGTAAGCTGACAA,CTGGCGAAGAAACGTCGGTGACATACAAT
TTGGAGACTTGTTTAATGTGTTTGTATGAT,TGAACATCTCCAGTTGGGTCAGATCCAT
TTGAAGCTCTGATGAGTAACCTGCGTAAAGA,CTCAGTACTGAAGCACCAGTCCTATTTC
ATAACGCAAATTTGCTACTGGTCCGATGG,CGAAAAATCATCTCTATGCCTGTCATT
TTCCCCCTTATTCCTGCGAAGGATAAACT,CGAACTCAGCGTCGAAGAGGTGTTCAAT
TTGCAATACGATTATTGTTGTATATTCA,AGCAAATGGCACATCTGTTTGGGTATAAT
TTGTTAATGTCTTTATTTTTTATGTATTCT,ATGGCTTGCAAAAGTAATTCATTGCCT
TTGCATGAACATTGCGCCTTTATGCATAATGA,TTGCAAAAGTAATTCATTGCCTGAATAATAT
TTGCATGAACATTGCGCCTTTATGCATAAT,TTGCCTGAATAATATAAATTATATATAAA
TTGATTTTGGGAAATCAACACGGCATAAT,CTTATTTATGTGATAGTTTGAATTATCAT
TTTGATTTTGGGAAATCAACACGGCAT,TTGAATTATCATTATAAATGATACTCA
GGAAATACAACCGACAGATGTATGTAAGGCCAA,CTGGAAAACCTGGCGTCGTCATCTATTCT
TTCATACAGAAAGATTTGAAGTAATAT,TTGTATGCATTGGATGCACGTGGTGGACTGG
GGAAAATGTCGAGGAGATCGTGGCGCAGGCAAA,TTGCGAAGGTCATTCGCTTTGGTTAGTAT
TTGCCAAATACTAGCATCGTGTTATAGT,TTGCGAAGGTCATTCGCTTTGGTTAGTAT
ATGAACAAATCATTCGCCATGATTATAAT,TTGCCAGTGCCGGTGATTGGTCGTATTTA
TTTCCTTATGGTTGCAGATAAAACATATTAT,TTGGCAGCGGCAAAGCGGTAGAAGATATTGT
TTGCGTAAGCCTTATTTTATGCGTATTAT,TTGGCAGCGGCAAAGCGGTAGAAGATATT
GCAACTTGACGTGAAAATCATTATCATT,TTGCCGCAATATTATTTTTTGATATGTT
TTTATTTTGAAAGCGTCAAGTTTATACT,TTGCTCTAAATAAATCCTCTAAACCAGCAT
TAAACCATCAATAAGCAAAAATAAGTGGTCGGA,TTAAAATGCCAAATTTCCTGGCATCAT
CAAAAGGCGGTACTATTTTCATCAGATAA,TTGACTTATAAGTCTCAGAAAGTAATAT
TTCACAAATATCATTTCTCAACGTCTACACT,ATGAGCAAACAATAATTATCATTAAAAT
TTGCGGGGAGCAGGCTTTCGTAAATTT,TTGACCGTTTTACTCCAACTCCCTATAGT
TTCCCAAACCTCAATCGCGCGCGTATAGT,TTGACCTCAGGTCATGATTTCCCTAAATT
CTGGAAAATGTTCGGTCGTATCACCAA,TGGACGCACACGCTACACGCCGCTAAAAC
ATGAAAAAATGTTATTAATCGTTGAGCTAAAGT,TTGCTTCATCGTTAGGAATTATTGACTTAATAT
CGAACTGGACTCTGCCAGTATGACAAA,TTGACGCTGATTTTTTTTCAACCTAAAGT
TGCACAGCCTCATCATTTTGCAGTATCCT,TTGACGCTGTTGTTTTTTCAACCTAGAGT
TTTAAATTTATTGATGGTGAATATTAATATTTT,TTGCATTGAGCATAAACTTCACAAAGT
TTAAACACAATACAGTGAAAAGTTTTAGACT,TTGCTGCACACTATTCTAAAAGCCGCATAATAT
TTCATTCAGCGCACCTAAACGATAGTAAAGT,TTAGCAATACAATTGCTGCACACTATTCT
TTGAAAGAAATGGTAATTTACGATAATGT,TTTAAGCTAGTGAGTACACGGCTGCAGA
GCAACATTGATCCTCGGCGCGGTCGGA,TTCAATGGCGATGTGGCGCGAAAATAATAT
GTGCAAGACGTGGCTGAAGACACTAAAAT,GCCGTTCAAAAATGTGTCACTGGTTTACACT
TGAAATTTGTGTTAGTTCAATAAAAACAAT,TTACCTCAAGTTAACTTGAGGAATTATACT
TTGACAATGTTTTTGGCGGTGGCATGAT,TTCACACTTACGTTCGGTTATGTGCTTAATAAT
CTGGTAAAGAACTGCGCGATCGCGCCAA,TTCGAGGCAGGTTTGTACGGTTATACT
TTGAACAGTTTTCACCCTTTCGTTAAATT,CAGGGTTTTCCACCTTGTCCGGTATTCT
GTAAAGAACTGCGCGATCGCGCCAATAT,CAGATAACGACGCCTTACGCCATCTCTCAACC
TTGATTACGGGCCACGGCAAAGAAAGT,ATTAATTGACGCTAAAGTCAGTAAAGT
GTGGCAAAGTCAGACATATTCATCCGCAT,CCAGCACCCTACGCTTTAAGGTGCTATGCT
TTTACAGGATTATGCCGCCTGCGTAAAGT,TTGCAAACGGACGTGGTGGTAGTCGCTATTAT
TGAACAACGGGCAATAAATAGCCAAATCTTT,TTGGAATTTTCTTGTCTCTCCGACAGACT
TTGATACATAATATTTATATATGATTAATCA,TTGTGGAAATATAATAAGTGATCGCTTACACT
GGCAATAAATAGCCAAATCTTTCTTTATCAAA,TTGAACTGATAATCATTATCACTAACAT
TTGTCAATGTAAGTTGTTGATACATAATAT,TTTAATCTCGGTAAACACCACGCCTATGAT
TTGCTTTATTCCAAATTTTATTCGTTTAAAAA,TTGATCTTTGTTGTCACTGGATGTACTGT
TTTAAAAATAAAATGTGCAGCAGGTTATAATTT,TTGTCGGCAGCCCGCAGTGCGTTGTTTAATCAG
TTCCAAATTTTATTCGTTTAAAAATAAAAT,GTTGATTTTCCAAGAGTCAGGCCCGCAA
TTTAAAAATAAAATGTGCAGCAGGTTATAAT,TTCCCCATATTTACTGATGATATATACA
ATAGACCCCGTCGCATAAATGATTATGAT,TAAAGTTTCCCCCCTCCTTGCCGATAA
TTGCTTATTTAGACATTTTGTACTTTTATTGT,TTGCCACCATCAACGAAGTCTATAAGCA
TTTATTTTCAGCCCTGGTTGTTTTATATT,TGAAATATGGGTAAATAGTGGCACTGACATT
TTGCAACGCGTCCATTAAGGATAAGGA,GAACCTTTAAAACATATAAACAATCAGT
TTGGCTAACACTAAACGTACACTCATAATTT,GTTGCGATTGGTTCACATGGACACACCAT
TACACTCATAATTTACTTTTCTGTCGAT,GGAACTGGCTGTGCATTATCGGCGGTTGTCGCT
TTGACAACAGTACAGTTCTTATATCTATTAA,TTGCATGCGTGCTGTCGATTGGTGATTTT
TACACTTAACTCATACGGTGAAATGGACTGA,TTTACCGGTGCCTGGGTGCAGTACATC
TGAACGTAACAGCAAAAAGCGAGGTCGCT,TAAACCACGCCCAATGGGAGCTGTCTCA
CTGCAACGGATAATTTGTTGTTGCATAAAAT,CAAACGGAACATAACCGTAGGTCGGATAA
TGAAAAAGAAGGCTATGCGAAAGACTATCTGT,ATGAAAACCTGCAAAGAGTGGCTTATAGT
TTGAAAAAGAAGGCTATGCGAAAGACTAT,TGGTCAGGATGAACGGCTTACGGCAGAAT
GGAACAACTGGCAAATCGCGAAGATGGTCCTT,TTGCGACTCAACCTTTTTCACCTAAAGT
TTGATTAACATTCTTTTCATCGTAACTT,TTCCCAACGAATCCGCAATTAAATATTCT
TTGAAGTTGCATTAATCGACGTACACT,TTGCTGTGTTATTGACAGTTAGCATAAACT
TTAATATCCGCCACAGAATTGCTCTATCAT,ATGCAGCTAGTGCGATCCTGAACTAAGGT
TTGCATCGCTGTGCCAGACTGGTTATAAGGT,TTTTTAAATTTTTCCGCGCAATATATT
TTGACAACTCGCGTTTTGTAATACTTT,CTGAATGCACGGGTAACGTTAGGCTCAAATAAT
GACACCTGCTTTACGGGTGAAAAAAATCAAT,TTGCTGAATGCACGGGTAACGTTAGGCT
TGAAAAAAATCAATATAGCACTTCGATATCCGA,ATAATATTCGTAGCATCTATGGCGATATAAT
TTGCCAGTAATCGTTATTCTTTAAGGCTATGGT,TTGAAAATGATGCGCGAAAACCCGGATAAAGA
ATGACGTCGAAACCTGCCGTGACTATGGT,TTGAAAATGATGCGCGAAAACCCGGATAAA
TTGACAGTTTATTTTCTGCGGAGTAGTCT,CTGGAATCCTCCCACGCCCTGGCCCAT
TGAAAGACATCGCAATGCCGAAGGTCAAA,ATAAAGACATCTTCACCGTTCACGATAT
CTTTATTATTCATCATTCCGTTCCTCAT,GTGACATTTTAACACGTTTGTTACAAG
TTGCTTAATATTCTCCTATGCGCATTACATT,TTGACAATTAATCATCGAACTAGTTAACTA
CTTTAAAGTGGCGTGCGACCTCCGCCTT,ATCGATCTCAGCCAGCCTGATGTAATTT
TTACCACTAAGCATTGCTTAATATTCT,TTGAAAGGGACTTTTATAAGGGTGAGGAGTAT
TTGACAATTGCGTTAGGCGTCGCCTAATAT,TTTACATCAACCCGCATTGGTCCTACACT
CATCTTTCTGAGGAAGTGTTGTCTACGTT,CGCAACATCTTTCCCCGTCATTTTGTTACTCT
TTGAATCACATTTAAGCTACTAAAAATATTTT,ATATTTTTGTGAGCAATGATTTTTATAAT
CGAAATTGCTGCGCGCCCAGTAGTAATCTTT,TTGAATGCGCGGTTATCGTAGTTGCAAAGT
CAAAATAAACCAGCGTATAACGTTCAAA,TTGACTCCTCTGAACTGGCGTTTAAACT
TAAACCAGCGTATAACGTTCAAATCGAA,GTGACTTGAGCCGTCGTCGTGGTATGCT
TTTCAGAGTGCTCCGCTTCTCACTATTAT,TTGCTTACGGACTCACAGGGCGTAAACT
CTCACGCAGTATTCTTAAGGGAACGATAA,TTTTAAATTGTTGGGTCTGTACGACAT
CTGACAAGTGAAGTTGTTTGATTATGAT,GTCACATTATGCATGATGTGTACATCTATTTT
TTGATTATGATAACTTGATTGCAAAATATTAT,TTTACAGCGGCGCGTCATTTGATATGAT
TTGACTATGTCGTCTGAAAAGGGGCTGAAAAA,TTAATATTAACTTAATAAATATCAGCTATTCT
TTGACTTAGCCCCTTTTTCGGCATTGACTAT,TTTTCTGTAATTCGAGCATGTCATGTT
TTGCTATAACTTAGAAAGTAATATAATCA,CTTGTCATCTTTCTGACACCTTACTAT
TTGCTATAACTTAGAAAGTAATATAAT,GGAACATATTGCGCTAAGCTCGCAGGCAGA
TGAAATTTAAGTACTGATGATTGACTTA,CTCAGGCCTGATTTGCTGCTGATTTTTACAAT
TTGTCCGTTATAACGCACAAGTGATAAACT,TTGCGGATTTATGCTACTGGCATTCGTTATTAT
TTCGCAACGTCGCGCTTGTGGCTAAAAT,TTGCCTTAGTACCTTGCGGATTTATGCT
TTGACTATACTCCAGAAGATAACCTTACAGA,ATGATAGGCGCTCACCTGACAACGCGGTAAACT
TTTAATTCCTCTTAGATTGGGTAATAT,TGAACCGGATCTGCCGTTCAAGTCATT
GAAACATTCATTTTTGCCACCTTTTATCATT,TTGCCGCCTTGAAGAAAGGAGGTATAAT
TTTTATCATTGCCCCTATGTGTATAGT,CTGGAAAAAAAACAACCTGATCTCCTACACT
CTTGATGCACGTCAAAAAATGACGCAT,TTCATTCAGGTCAATTTGTGTCATAAT
TTGACGGCACCACGCAGACTTATATCAT,TTGTCTGAACGTGAATTGCAGATTATGCT
TTGCCATGCTATTTCTTTACATCTCTAAAAC,TTCAAAGTTGCAATAAAAACCGCTAATAT
ATTAATGCGCAAATAAGTCGCTATACT,GTTCGGCGTATTAAAGTTTGCTAACCT
TTGAAAAGTCTTAAACATATTTTCAGAATAAT,TTGATCAAAACAGGGGTTCGGCGTATTAA
TTGACCGATATGTTAGTCATGGCTAATCT,CTGCAGCGAGATTTACCACTTTGAGAGTAATTT
TGCCCTAATAAAATTAGGGATTGGCATATCCAA,TTGCCACCGCTTTCACAGAAGTGGTAGACT
CTTTTAATAATCATAATTACCCACCAG,TTCACAGAAGTGGTAGACTTCGTTCCTTATGAA
GAAACCAGTCATCAAATATTACCGTTTCACA,TAACGTAAATCACCCGAGTTGCCGATAA
TTGAAACCAGTCATCAAATATTACCGT,TTTCTTACGATGTAATTCCATTTATTAAACT
TTCACAACACTAATTTCACTCCCTACACT,TTGCCATTTTTTCGTTTTATGCATGATAATGT
GCACTTAAAGAATATTTATTAATCTAA,TTGCCATTTTTTCGTTTTATGCATGATAAT
CGCCCTTTTCATCCCTGTCTGAAATTTCTCAAA,TAAACTTCAAGACATCAGTGCAGAAGAATCAAA
CAAACTTATCTGATAACACTAAATTCGAA,TGGGCAATTTATCCATCGGTAAAATACTATAAA
TGAAATTTCTCAAATTCTAAAAATCTCA,GGAACAATTATTGGTAATGGAGTCGTA
TTGATAATAAGAATCATTGTTATATCAA,TGAACACGATTTTAACCAGCAGGTGATCAAT
GGCAATTTTATTGACTGGAAGATCTATCAAT,TTGCACTCTGAAAAGGACGTCTTATCTTT
GGCAATTTTATTGACTGGAAGATCTAT,TTGCCTGCTATTCCGTTAGCTGTAACACT
ATGACATGCAATATTCCTGGAAACATAAACT,TTGAAGGCTACATGCTGCGCCATAAGGT
TTACACCGTCACCACTTCCGTGCACTGTATAAA,GTGAAATACTTTATGCCATGATAATTT
TAACCTTGAGAAAAATCAACAAACTGTCAGT,TTCCTGTACCAAATGTATTACCGGGTATATTAT
ATGGAAAAACCGTCCGATCACGCCCCCGT,TTGCTATTTGCCCTGAGTCCGTTACCAT
TTTAAATATGACAGCATAACCTTTACATAATTT,CCAACATCAATGCACTGATAAAAGATCAGA
TAAACAAAATGCAACAGCTAAAGGCTAA,TGCACTGATAAAAGATCAGAATGGTCTAA
TTGCATACAATTTATTACTATTACCCCTAAATT,TAAACTCGGCGTGCGCCCGGTGTTTGATCCAT
TGCACCATGTAGCGCCAGTATCAGCTGTCCTT,TTGCCAGTGATTATCTACGCCAGCGTAAACT
TTGATTCAACATAACAATAAAAACGGTAAGGT,TTCGCGATATGGCAGGACAAGACGTAAAAT
TTGCCATACTTTCACTACTGATGGCGATTTT,TTGACAGCAATTTTATTCATATAAAGA
TAAAATACACGATGCTAACGGTAACTGGTCTGT,CTGAATCTTCTCTTTATCAGCAGTAAACT
TTGTTTCATCTTTGTTGATGATGTTTTATCAT,TTATCAAGTACCTCGTAGCGTATATACT
ATGAACTGAAAAATGGCACAGTATAAT,GTTTATTTCAAAGCCGCCCGTAGCGCCAG
TTGTCATTAACACGGCACACAGGCGTAATAT,ATGGTCGTCGCCTCGCTCGCAGTGTGCTAACGT
TTTATAAAAATCAGAACTGTTTTTTATTAT,TAAACTACCGCCTCTTTATACTCGGATTCACA
TTTATAAAAATCAGAACTGTTTTTTATTATAAT,TTGACGAGGTGTTAATCTGTTTACAAA
TTAAAGTCGCGATTTAAATCCGCGTAAAAT,TGAACAATGGTTGTAAATTTGGGTAACAAA
TTGTCTTACCTGGATCTGCCAGCCTATTAAAAT,TTTACTTAATTTTGAATTAAGTAAATT
TCAACTAGGCTGAAAAATGGTGCGATCGGA,TTTAATTTGTTCAAAAGCTTCTAAAGT
TGAAAAATGGTGCGATCGGACTGGTCGTA,TTACAGGCGGACCGGACCAAATTCCTAAAAT
TTGACTGGCACATTCGGCTGCCTCAACTAGGCT,TTGAACGTGCAAGCCCACGTATTATCCT
GAAACCAGTATCCCTGCCCTGCTAAATGGCGAA,CAAACAATACTGGGGTGAACAGCTCAAA
TTGTCCTGGTTATTCCCCCGTTGTAAAAT,ATACAGGGAATAATAATTTCTATTTTATATTAT
CGAACTCATAAAAATTAACAAAATTTGTCGTT,GGGAATAATAATTTCTATTTTATATTATTCC
TTGCTATAAAGGTGTTGCCCGAACTCATAAAAA,TTTCTATTTTATATTATTCCCTGTTTTAATTA
CTGAATGAAAAAAGGCGGCTATTATACT,CGACCGTAACCTCGACAACGACGATATCGAA
TAACGTATTTTATAGCACTGCCGATAT,TTTGAAACCTCTATTACGTCAACCCTT
TTGGATAAGAGGCCAGAAGCGTAATAT,TTTACAAACTTACCGATAAACTTTTACGAT
GTGGCATTAAAGCCCTGATGTCGCCAG,TTGATTTTTCATCCCGAAAAAGGTACGTT
CTTGAAAGTTTCTTCCCTGAGATCCCCGT,TTAGATGTTGGATAGGTATTATATAAT
GTTGAGGGCGTTTTGCTATGAACGCCAT,TTACCATGTCAATGAAATGGTGGTTATGCT
TTTCTAATAGACGAGATTTTTCCTGTTATGAT,TTGATTCCATTAAAAATCAACATATTACAAAAT
TTAAATATAAGATTATGGCTTTAGAAT,TTGATTCCATTAAAAATCAACATATTACAAA
TTGTCGCGACGGCAACATTTCGCTAAAGT,TTAAAAATCAACATATTACAAAATATCAT
TTCATAATATTTCGCGGGTAGTTATATTAT,TTCACTCAATCAGGTTTTATTTCTCTATAGT
TTTCAATGAATAATAACAACTAACCATTAAAAT,GTTGTTATCACACTATCACCCACCCACAT
TTGAATATTAGGTATATGCTCTTTTTTGAAATT,GTTGTTATCACACTATCACCCACCCAC
TTGAAATTTATCGGTGGCAGCCGTTAGTAT,TTCACGCCTTGGCGTACAAGTTATTAT
TTTTCACCCGGTTTTAACCACTACAAT,GTTGTTATATCGGGCAGCGTTCACGCCTT
ATTGCAACGGGGTCCAGCCGTGGTTATAAT,GGAACTTATTCACTCCGACAAGAACTTATCCGT
TTGAATAAACGGTATGATGAAGAAATT,TGCACAATTTCGCGGACAACAGGTCAAT
TTATAAAGATTAATTATAAATATATAAT,TTGCTTTTCAGTTATTAGCAACATTTAACAT
GAAACCATCAACCCGGATATCTGGGCAGA,GAAACATTACCCAGTCGAACCCACGGGTCTGA
TTAACAACAGCGTACGTATGCTAAATA,TTGACAAACTAAATCACATCTAAATACAAT
TTTCAATTGCTGTCATATAACTTTACACT,TTGCCATTTTGTGACTCACAACGAAGAT
TTAACGATTTCTGCGGTTAAAGCGGATGA,TTAACGAAAAACAACATCCTTGCATATTCT
GTGGTAAGGTGTGCTTACGTCCCTTATTAT,TTCCCCTCGCCGTTGGCAATGTTATGAT
CACAAGTCTTCGCTGCGAACATCCGATTA,GAACCCTCGCCCACGAGACGAGAGTCAAT
TTGAATACATCACCAATATCCGTATGCA,GTTGCAGGATATCCGCGCGCTGCGCCAC
TTGTATAATCCTGCTAATCTTAATAAAAT,ATGAAGCGCGCCTGGCACGCTGCCGCCAT
TTATTTCGCATATAAAATCCTTTTAAATAAACT,TTGATTTTCAAATCGAGCGGTTCCAGATATTCA
TAAAATACAATATCGAAACCCATAGCAAA,TTGATTTTCAAATCGAGCGGTTCCAGATATT
TTTAAATAAACTCAGGCACCAGACATAAAAT,GCAACTCTGCTAACTCATTGATTTTCAAA
GAAACTAATAATACGTATGGAATTGTCACT,CTGAAGCGCGTGAACGTTCCGCCGAAGC
TTCCATGTCAAACCCCTTTAAATATTTATGAT,CTGCCTGCAAACTATGGTCGCCGTTATAAT
TTTCCTGCTTAACATTCATGTTATGAT,CGCACTACGACGCCTGGCCGCACAAAGTCAGT
TGCCCCTGATGAGTGCTGGGAAGGATGGTCAGA,TTGCCTGATCCCTTTCCCGGCCTGTATCAA
ATTGCATCCGGCAGCGTTATCCCGCCAC,TTGAAGACGCGGCTAAACGCGCCTCATACATT
TTGCATCCGGCAGCGTTATCCCGCCACAAT,TTGAAAACACGCTACAGGCGTGCGTTGAATAT
CTTTCAAATCAATAAGCGGTATCCACAG,CTGGAAAATGGCAAAGTTGTGGGCGACGT
TTGATAGTCTATTTCATTAGGTAATATATA,TTGATGTCGGCATCAACCGTCTGGAAAAT
TTGATAGTCTATTTCATTAGGTAATATATATT,TGACCATGTTCCATCTGATGGATCTTA
TTGATAGTCTATTTCATTAGGTAATAT,GGCACTATAACACGATGCTAGTATTTGGCAAT
CGACCTTAACAACTATCGAATAGCACA,TTGAAGGCACTATAACACGATGCTAGTAT
TTTGATTTTACTGACGGATCCCCGCCAG,CTGGAAAAAATCGCCCCTTCCGCACATAAAAT
TTGACGGGTCAGAGTCTGACAGTTGAGAAAAT,TTGCCTTACAGAAGAATATCCCTGACAAT
CTGAAGCTTCGCAACGTTAAGCTGATAA,AAAAAGCATTGTGAGATCTGGGCCGGTGA
TTGGAAAACCGCTCGCATTCAGTAGTTATTCA,TGAACCCGTTTTTTTCTGCATGACTCAAT
TGAACAATTTTGGAAAACCGCTCGCATTCAGT,TAAAATCGCCATTTATTTGCACTGGTATCAGA
TTGCAACGTGTAGTTTCAATCGCTGAAAAA,TTGATATATAACTACAGACAGCTACTAT
TGCAATAAATCAATTTTATTTCTCAAA,TTGATTAACCTATTGAAATAGTTGATTATGGT
AAACTTTACCTGATTCTGGCAGTCAAA,TTTACATCTCCTTCGCGTTTGTATATT
TTGTCATTCTTCAACTGCTCCGCTAAAGT,TTTAAATATTATTTTTCCATGAATAAAAT
TCAACCTCAATTCTTGCGAAAAATGGCAAA,CAAACAATATTTTTTGCGACTCCATGTCCAT
TTGGAAGCGCCAGTTGACGCTCCGTTAGATT,GTTTATTTATACTTTTCTGACGCGACAT
GTGGCAATTGCTGCCCTGCTTCGCGTCAT,TTTTTTGCGACTCCATGTCCATATAAT
TGCACAATTGATTAATTTCTGAACATTCAAA,TTTTCTGACGCGACATAATACGCATAAAAT
TGAACATTCAAATCAACTCCCACCAAAGCCAA,TTACGCAAAAATGGAACACATAAAAATATAAT
TTGATTGCGAATAGCAACAACTAAACA,TTAGCCGCATTGCGAGGCTCGTTTATTTATACT
TTGACCATTTTGTCCTGTTGTGCCTTAATGT,TTGACGCTTTCAAAATAAAAAGAAAAT
TTAAATTAACTTCCATAACATTAAAAT,TAAACCTTATTTGTTGCAGCCCTGTGGCACA
TGAAAGTACCAATTGATATATATCAAA,GGAACTTAATATTTAAAAAATGTTCCAT
TTAATATATATGTTGTAATGATATATT,TAACCCTATGAAAATGACGTCTATCTAT
TTCATGGCAATTAGCGGCAATGGAATATAAAAT,CTGACACTGAAAAATCCTACCGCGTATTAT
CGAACATGCGTGACGAGTTAAGCGACGCTCTGA,TGAAAAATCCTACCGCGTATTATCTGA
CTGGTAACCCGCGCGTTGTTAAAGCCAT,TGCAAATGCACTGTTGGAAGAGGTTATCCGA
TTGAAAACAATCCGCTATGCTTTGAAAAA,CGAAAAACGAGATCTCTCCTACAATTTCTAA
TTTACACTCCCTTTGAAAACAATCCGCTATGCT,CTGAAATCTTAAACCAATGCCTTATATT
TTTCAACCCTTACCTCTGTATAGATAAATT,TTGTCGCGAAAAACGAGATCTCTCCTACAAT
TTGCCGATTATCCGGTGAAGGTTCGTAAACT,TTGCATTTAGCAACTGACTGTAACAGCTAAAAT
ATGACGGTCGCATGAAAAAATGATATTTT,TTGCTGGCTCTCAGGGCTGGCGATATAAACT
TTGATGACGGTCGCATGAAAAAATGATATTTT,TTACCTGATGCCGCCCTATATTATTCT
TTAAAACCCCACAAATAAATTAAACATAAGAT,TTAAAAACATAACTTATTGCGATATGGT
TTAAATTAATTAAAACCCCACAAATAAATT,TTAATTTAAGTTGGCTAAATGCAGTTAAAAT
ATGAAGTATGGCAAAAAGGGGCTGATGA,CAAACGCACCTGGTGGAACCTGACCAAAA
GTGTAAACATCCTGCTATTTCCGCCAT,CTGGAAAGCGGCTCGCAATAACCACCAA
TTGCTAAACAATTTCTTAATTTAATTAAATA,TTTAAAATCGCCCCTCCTCCAGCATCTATACT
TAAACTTATTTGAGGGTGTTACATGAATTCATA,CTTGCAGGTATTGACCCTTGACGCCAG
TTGATGAGTGGTTATCACAACGCTGTAAACT,TTAACTTATTTATAACTTATATTGTCACA
TTGATAGGTAATATATAGGTACATAGACA,TTGCATTAACTTATTTATAACTTATATT
TTGAAAAAATCTTCAGATAGATATCATTCT,TTGCATTAACTTATTTATAACTTATATTGT
CTTTAAACTTCTCAATAATGTCACCAA,TTTCATCCTTACTTTCATTCGAAATATAAT
TTGCTAGAAAGTCGATGATTTGTTGCGTATGAT,TAAAAGCCATTACCGATTTTGCCGCCGA
TTAAGATATTCATTCAGTCTATTTATAAT,CTACCGTTATCACCCGGGCGAGCCAAGAA
TTAAGGATCTTGGTCTGGTTGCCGATAC,GCAACTTTACTCGTCCTTCCGCTTTCAGT
TGAACCGGACGATGGAGAAATCAACTATCCGT,TTGATACCTAATGTGATTACACTAGTAA
TTAGTTTTTAATGATAACGAATATAAAAT,TTGATACCTAATGTGATTACACTAGTAAAAT
GAAAATAAAGAAAATGGATTTAATCATGTCAAA,CAAAAGCATTATCAGACTGATACGCTATTAT
GAAACCTGCACCGCAGGTTGTATCTAT,TTGATGATCCCCGCGCATCTGTTTATTTT
ATAAAGTTATCGAAACCATGTACGAAAC,TTGATATTTCATAGCGATCTCAATGTTACCGT
TTGACCTGCCGCTTTCCGGGCATATAAT,TTCTGGGTGCCCTTACGCATTATCATTATGCT
ATAACGTCGGTTTATAAACAGACTATTA,TTCCTGTCGGCATTGCGAACTTTAAAAT
TTAAAACAGTTAAGAGCATACTATAAA,TTAAAGAAAAATTTTGACACATTATTAT
TTCACCTTATTGCAAGATATTTAAAAT,TTGCATAGGGCGCGCATATTAACTTTGTAACGT
TTGCAAGATATTTAAAATGCTCTAGAGT,CTGCAAAACGAAGCGCATAGTTTAAAAT
TTTAAAATGCTCTAGAGTTAAAAGTATGAT,GTTTAAAATGGCTATCATCAATACGCTAT
TGAAAACACCAATCACTTTGGCAAGTCACA,TTAACTTTGTAACGTCATAGAGTCAAA
CTGGCATCAATTTGTGATCAACCCCACAC,TTGACGTCCCCGCGACCCTTGCCGACGC
CTGGCATCAATTTGTGATCAACCCCAC,GGAAATAGCTGCCGATTTTGCGCAAGACAAA
TGAAATATCAATATGAGAAAATTACAGA,TGCACCTATGATAATTCGCCTGACGAA
TTGAACGTAATCTGATGAAAGGTCGTAAACT,ATGATAATTCGCCTGACGAAGATTTTATTAT
TTGCAGTCATCTTTTCTTCGCTCTATCCT,TTCACGCATTACGTTAAGCATCCGTTATAAT
CTTGCAGTCATCTTTTCTTCGCTCTAT,TTCACGCATTACGTTAAGCATCCGTTAT
TGAACGTACTGTTTATCCTGCTGACATT,TGAACTGTAAGTGATCGTCAGGGCTAA
TTGCATTTTCAAGAAAACGTTCCATACATT,TGAACTGTAAGTGATCGTCAGGGCTAATCTGA
TTGAATATTACGTGGTCCGTGCTCAGAAT,CCTGAAAAGGCTGAGATAAATAACCCGT
TTGATTCACGAAAAACCCGGCAGTAAATA,TTAAGTTTTGTTAACTGTGACCGATAA
TGAACCATCACATCCTACAATGGCAAT,TTGTAAGGGGGATGTTAAATATATATT
TTGACATATTACGTTGATTCACGAAAAA,TTGTAAGGGGGATGTTAAATATATATTAA
TTGACCTGAATTACGCTTTCATAAAAA,TTTATCCCGCCCCTTAGACAGAATGTTATAAT
TTGAATATTACGTGGTCCGTGCTCAGAATAT,TTGCAAAATGCTCACCGGGAGAATTCAGATATT
TTTACTTAATCGATATTTAGATAAACT,CTGCGGCATTTTTGCCGAGTGCCGTGTATAAT
TTTATAAAAAACACAAAATAAAATATCAT,GAAAATCCTTAAAAATGTGACCGATTGGTCAGA
CAATTTGACGGGCGTAAAAGTTTGAAGCA,CTTTAAAGTCTTTGGCCTGACCGCCCT
GAACTTAATGCGATCTTTTTTGTCAGT,GGCACCCGCAGTACTGAGCTGGTTGCTGGCAAA
ATAAAAATGCCTGATGTTCCCCGCTATACT,CTGCCACCCGAGGCTTAACCAGGGTACAAT
TGCAATAACGCGGTCAAAAAAGTGGTTCTCAAA,TTGCCAGTTACGGGACATTAGCGACGCT
GAAACCGTTGAGGTCCACGAAGGGCAAA,TTGCCAGTTACGGGACATTAGCGACGCT
CGCACCTGAAGGAGAAAGAGCATAACAAA,TGAAATATGAATTTTAACTTTTAGTCATT
TTATCTTTTCTTTCTTTAGCGCCTAAAAT,TTGACTAATTCTCATTAGCGACTAATTT
CTAACGCAGTTGTCGCTTGGGCAGAACA,TTGTCTGCAAGCCATGCCTGGCGTAGACT
TTGATAGTGCGAAAGAACCCTGCGAGGAAAAT,TTGACGAAAGCGTCACACTGTACCTGATAAAAT
TGAACGAATATTTACTGCCATTTCATT,TTGCCAGATTGACGAAAGCGTCACACT
TTTACTGCCATTTCATTCACGTCTATTCT,GCAACTTTATTAGCATGCAAAATCCAA
ATGAATAATTTACTAATGTTTATTTAAAAT,CGAACGTATTGATATTGTGTTAGATATCCTT
TTTAAAATATTTCAATGTCGTTATATAAA,TTGGCACAGTTAACCTTGATATGCGTAGTCT
TAACCATGTATTTATCTTAAATATCAAA,TAACCTTGATATGCGTAGTCTGTGGCTAA
TAAAACAAATCTGCTCGCCGGATGTCTGA,TTGATATGCGTAGTCTGTGGCTAAATT
CTGGCTAACAATGTAGCGTCCAGCCCCTT,TTCTCCCCTTCCCGCCTTGCGTCAGGAT
TGAACATACCGGGCAGAATATCTGGCTAACAAT,CGAACTCGAACTGAAATAATCGTTCTGT
TGAACATACCGGGCAGAATATCTGGCTAA,CTTTTAGCGGCAATTTTTGCATTATTCA
ATGAGTGTTTCCATTGCTGTTCTCTTTTATACT,TGAACTCACCAAACGGCTGATTGCCGGTCATT
TCAACAATCATCCTATTTTGCCATATCAGA,TTGTCATCGACCGGCGAACTCCATAAGAT
ATCAAAAATTGTCGCAGCAAGGTTAACTAAAAT,TTCATTTGTAAAAATGGAGATAATTATGAT
TGCACAATACGGGAACGCAGTTTATCCAA,TTGTTAATAATATTTTGCAATCAAGTTATCAT
TGCCCTATGACATGGTCTGTCTTAATCAAT,CAAACCTGGCTGGCATAGCGCCAGGCAAA
CTTGTAATACAGTTTTTATTTTTACGCAT,GGCACTAAATTTGGTCGTTGGCTGGATCTGA
TTAACAATATGTTTCTGCGTTATTTATCAT,GGAACCTGGCCGATGATATTTGTGACATT
GAACCCTGTTCTATGGCTCCAGATGACAAA,CTGACAGGCCAGTTAAAAAAATGCTATAAA
TTGATAGCGGTAAAAGCGTTAGCCTCACACT,TGAAATATATAAATCTTGATTTCCTGACTTA
TTTAAGGATGAAGGGGAACTAACCGACAT,ATCAAAAGTTTAAGACTGGACAATAATAAAAT
TTTTTAATTCTTTTTTGTTATTAAAAT,TTGATTTCCTGACTTATCTTCCATCTATCAA
TTAATTAGCTCAATAATTAGTGTATACT,GGAACTTTATTCCCCATAATAAAACAGAGCAAA
GAAACTTAGCGAACAGCCCAGCAAAGTCACA,GGAACTTTATTCCCCATAATAAAACAGA
TTGCTTTTCCATTAGCGAGTATAGTCT,TTGACTTAACGGGGATAAGTACGAGAAT
CTTGATTAAAAAGGCGCTACTCGGCAT,TAAAAATAGCAACCAGACTTAATAAGTCAAA
CTGGGGATCGACAACCCCCATAAGGTACAAT,TTTAAATGCCTTATAACAATTGGCAATATTCT
TGAAAAAAAGAAAGACCGGCAACCTGTCAAA,TTGGCAATATTCTTATTTGGCAATTATAAA
ATCAATGAATATTAATTAATATATAAT,TTACATCCACTTATTTCTCTTCGTAAAAT
TTAATAAATATTATCTGCTAATGGGTTATATT,ATGATCTCAATTCTGCATTTTGTCAGTAAAAT
TTAACGAGCAGTCTGCTTATATTCATATAAT,TTTTTATATTGAAAAATATGTTAATTT
TTCATATAATCAATGAATATTAATTAATAT,CAACCTTTACCCTTGAATTTCAATAATCAGA
GTGGAGTGGCGCGTAGAGTCGCGGCAT,TTTCTAAACAAGTTTTCATCAGGTATTCT
TGAAATTTTTGGCCGTAAAGATTACATCTCTAT,TTGGAAAATTCGCTATTTTTTTGACTTAAGTT
TTAATCATCGTTTTGTCGGGAAGCGAGTAAACT,TGAAACGGTAATATTTGATGACTGGTTTCAAA
TTGCAAAAAATGCGAAGATAATGTTTTTAATAT,TGAACCTAATCTTGCGTATACTCCTCTCATA
TTGCATAAAACGAAACGATGCGGCGACGACAAT,ATCACTCTTTTGAACCTAATCTTGCGTATACT
TTGTCATCCGTCCACCCTCGCCACTAAACT,TTAACAGCTTCAATAATGGTAATAATCT
TTGCATTGTCAACGTAAAGCAGTATCAT,GAAACCTTTAAAAGCATGGTCGATGGCTAT
ATGCATTTGACTCGCATTTGAAAGTCAATGAT,TTAAGGGCTCAGAATAATCACATTATTTT
TTAACTCATAATTACTTCCTAAAGTGTAATAT,TTATCTGCACAGTAAACGGTGGTATACT
TTAACAAGCATAATATTGCCATTGATAAAAT,GAACAAATGAAAGTTACTCCTTCTGTAA
TAGCGCTCTGCAAAGTAAACCCCGCTATAGT,TTTAAAATTTTGCAGATAAATATATATAAA
ATGAAGAATAATCCCTCCCTGGAAGATAA,TTGCTAAGTTATTCGCGCCTTTTTATAAT
TGAAATTATCATTAATGCATATTTCAAT,TAAAAATCTGTTTTCGCCACATGCTTATTCAAA
TTGTCTTTAATGATATCTCGTCATTATATT,CGCAATTGCTACCTTTTTAGCAAATCCGA
ATGAAAGAGTACCTGGACTGACCGACTATACT,TTATTTGTTCCTGCGCCTTGAAATAAAAT
CTGAAACCAGTTTTATCCACTATTTATAAAAT,GAAAACTGTGATGAAAATCTGTGATTCAAA
TTGAAATATCACTTTTGCTGTGCGTAATAT,TTGAAAGTAAACATCGGTTATGCGATAAT
GTTGCAGTTCATATCCGGGCTGACTCCAG,TTTTCTTTAATTGTTTATTTATTTTAAAAT
TTACAAATTTCCGAGTATTCCCAGGAATAATCT,TTCATCCTGTGGCGTCGCTCTTAAACT
CCGCTGTGTCTGCTTTTCCCGACTATTCT,TTGTAAATGACTTAGATTTAAATGAGATAAT
TTGCCTTGTTAAAAAGTGATCGATATATT,TTTCTACCGGGATCACCTACAAATTCT
GAAATTTTAAGCCAAAAAAGCGATCAAA,TGAACAGGTCATATGCTTCTCATTGTTACAAA
TTAACATGTCCGGTATTCCATTTTAAAAT,TTTATTGTTATGTTGAATCAAGCTAAAAT
TTATATAGTAATATATAAAATTATATATAAT,CGAACATGATGTTTGTGGTTGGTAATTATCACT
TTCATATTTATATAGTAATATATAAAAT,TTAAAATGCAAATTATCAGGCGTACCCT
CGAACCTTAATTCAAATAAGGATCTAA,AAACTTCCGGGCAAAGAATGAATCTTA
ATGATTACGTTACAGAACTATTACAAT,TAAAACAAGCTATTCAGAATTCCTGAGTCAAT
CTACGATGTAAAAATGGGTCTGGAAATGA,TGAAATAAGAACACAGTTGGTTGAGCAAA
GAACTTTTAGCCGCTTTAGTCTGTCCATCA,GGAACGTTGGATCCCCTGGGGACGAATATCAAA
CGAACAAGGAGGGAAAATCCGTCGCTATCGTA,CCGGCAGGCGATTGAACAGTTTGTAATTAA
TTGCGCAAATCGGCTCTACGAAAACGTTAAACT,TTTTCTGACATCCTCATCCGCTATGCT
TTGCTTTTACGTCTTCTCCTGCGATGAT,TTCTCAACCGAAAAGAAATATACTGTATAAA
GGACATTATTTCAGCATAAGTGGATATTCAAA,TTACATATGGTGTAAATATAAATGTACAAT
TGAAATATCTGTCCGAGAAAAAATAATTCAAT,TTCACGCTTTCTTCTGTCCTGACGATCT
TTTAATAAATATAAATACATTCTGATAAT,ATGACGGTGGATGTGACTATCGCTGAAGA
TTTTCTTTGCTTGCTTTCTGTTAGATT,TTAAAGAAATTAGGGCGGGAGTATACT
CGAAAGACGATTAATTTCGTTTTTTAGTCATA,TTGGTTGGCACAGGGCAACAGGGTAAATT
TTGCTTTCTTTTTTGGCGTAAGCGTAAGAT,TTGAATTGCTGCCATGACATGAATGTAGCCT
TGAACCACTAATAAGTTTTAACTCATA,GTGAAAATCATTCTGCTGGCGAGAGATATAAT
TTTTTAAACAATTGGTGAAATTAAAAT,TTGCTTCATACTTACACCCTTCAACAATAAAAA
TTGCTTGTCTGTTTTTGATCGTATTTGTAATTT,GGAAAGTGGTTAGGGGCACTGGTCGGA
ATGAAACAACTGCAACACTCTTATTAT,TTGAAAGCGATTTAGGCTCTACCGCGGGAAAGT
ATGCAAATAAATATCTCTGAATATAAT,CAAAAGTTGATGATCCTTTTCCTGAAAA
TTAATACAAGGCTGTTTTACTTGAACTTATAAT,GGAAATTACACTGTTCCCGGTTTGTCCGT
TTGAATATAAAAAACAGATGCCCTTATTCT,GGCACAATGCGCCGCTGTCAAAAAATGACTAA
TTAAAATAAGTCCTGCGAAATATATTAAATT,TGAACTACAGAGGAATCGTTGTTGAGGCACA
TTAATTAAAATAAGTCCTGCGAAATATATT,CGAACCAGTGACATACGGATTAACAGT
TTACCGCGAAAACAGCACGCCTGACATAAAAT,TTGCATTTGCAGACAATTTGTTGGCGAAAAT
TTGCTATTGAGTTCCTGCCTGGATACT,TTGTCATCTGCGGCAGCTATGAGTAATGT
GAACTCTTCACCTTAAGCAATATCAAA,TTCACTGCTCATTGCAGCATGTCGTTATCAT
TGAACGTTCTTTACCAGCGTATAGTGGGCGAA,TGAACAGATTCATTCATAGAATGAATTGTCAGT
CAGAAGTGAAACGCCGTAGCGCCGATGG,GTTAATTAACGCTCATCATTGTACAAT
GTAAAGAAATCAAAATTGCCGCAGCTAA,TTGAATTGTATCCTGATAAAATTGCATTAT
GTAATTCGCATGCTTTAGTTGTGTATACT,TTAGTTGTTATTATTCATTGAAATATAAT
TTGTGTATACTCGATCCCGCCCGAAATGTT,TTGAATTGTATCCTGATAAAATTGCATTATCAT
TTGCCTTGTCGTACCATTATCAACACGATAAT,TTCAATTATAATAATCATGCCATTATTAT
TTGTCCGCCACGCATCTTGACGAAAATTAAACT,CAAACTGGGCTGACACCGTACAGGAGGCAAA
TTGAAAAAGCCGCTATGATCGCCGGATAAT,TGCACTACGCCCGCGCCATACAAACTGGGCTGA
TGACCTTCTATGCGGGTGGCTGGGCTATCTAA,TTGATAAGCAACAAGGACTTTCATGCACAAT
TGACCTTCTATGCGGGTGGCTGGGCTAT,GGACCTTCGTCCGAAACTCTACAAAGTCGAT
TTGATGGGAGAGTACAGAGTCACGATATTTT,TTGATCATACAGGCAATGCTTCATTATCAT
ATAGGCGCAGAATCGACAAACGGTCTAAAAT,GAAACTCTACAAAGTCGATTGATCATA
GTGCCATCCAGTCCATTTCGCCGTGGTATTGT,GTTGTTTCTGTAAGGTGATATTCGTCAT
AGCCCAGTTCCAGCCCCCACTGTTTAATTT,TTACGACTAACTGGTTTAAAAATAAAAT
TTGCTGGTTTTTGTTGTCTCTGACAAACT,TTTAAAAATAAAATTGATTATATATTTATAAT
GAAACTTGTGCTAAGGATTTCTTCATGTCATA,TTGGCATCGAAAAATTCCTGTAGTCGAAAAT
TTTTTTGATATTTTTTTGTGAGTAAAAT,GAAAAATTCCTGTAGTCGAAAATGTCAAA
TTGTAACGTGGCAGAACATTTTACTGT,TGACCACGCCCGCAGATATTACTTAAATCAGA
TTCATAGTTTAACCCAATAAAAATAAAGT,TAAAATCAATTTATGTAAAAAGTCACA
TTGCCAGCCTATTACTGATAAGAGTATTGT,GGAAATTTGTGGCATAAATCGAAATCAGT
TGGACTTCTCTTGTTGCACGATCGATCAAT,TGAACAATTTACAAAAGAAAGATATTCCAT
TTGAAGACAATATAATTATTTCTGGATATT,CGCACTGATATTATTCATCAAATAATAACAAA
TTGAAGACAATATAATTATTTCTGGATATTGT,TTAACTTGAATTATGACGCACTGATATTAT
TGACCCAAAACTGTAGGTGGGTATCAGT,TTTACAAAAGAAAGATATTCCATATCGTATAAT
TTGATATTCCAGGTAAAATTTATAAACTAT,TGCACCTGGCCTTTGATGGTTATCCCA
TTGGTTTTGATATTCCAGGTAAAATTTAT,TTTAATTATTTAAGAAGTATTTAGTTACAAT
TTAAATAAAAGTAATATTTGAATCTGTATTGT,TTGAATCCTCTGTGCCAGGCAGTACAAT
TTGAATCTGTATTGTGAACTGCCAGAAGGT,TTGCTATGGGTTTCGATATTGTATTTTATTAA
TTGCCTTGTGAAGCCGGAGCGGGAGACT,TGACCCAGGGTTGGTAAAAAATAATCATA
TTTTCTCTCCAGCTTGAATATTTTCGCTATACT,TGAAATAATATATTCATCAAACGAATGACATT
TTCACCAGGTTATCATTTGATGCTAACCT,TTGAATTCATTAGCAGATAAATAGTGACAAT
TTGCCAACTAAATCGAAACAGGAAGTACAAA,TGAAATAATTTCCTCTCCGGTGGCTAA
TTGCAAATGATAAAAATTATCATATGAT,TAAAAATACTTCTGAATTCGCTGTCCAA
TTGTAAATTCGCACCGCGTAATAAGTT,TTGACAATCGCCGCCAGTTCCAGGCAAACT
GGAAATAGTTTAGCCTTTTTTAAGCTAA,TTCATTAAAGCACTACAAAATTATTAT
TTGATGGTATTAGATTAGTTATTTACTAAGAT,ATTAAATCTACATTTACTCATTAGTAAAAT
TTGATATTTTGTCTTATCGTCTGATATTTT,TTGACTGAATCAATGTATTGCAATGTTTATATT
GTTGCTAGCCAATTAAAAAAGAACGCCAT,TAAACATTGGCTATTGACTGAATCAAT
TTGTCATACAAATGAGGGGTGGTATGTT,TTGCAATGTTTATATTTTAATTATTTATAGT
TTGCATTTGACGTTTGGATGAAAGATTATCAT,TTCTCATTTCATGCTCACCCAATATGAT
TTGCATTTGACGTTTGGATGAAAGATTAT,TTGCCAGAGGTTAAGGATTGTCTTACTATTAA
TGAAGTTAAACGAAGGCTGCCAGCTGTCACA,TTGCCAGAGGTTAAGGATTGTCTTACTAT
TTGCAGCGGCACAGCGTTCAGATAGTTATTTT,TTGCTTCGCGATGCGAATAAACTTATTAT
TTGAAAAAATTTTCCCCCGTTTTGACTAAAAT,GGCAATAGCTGCGGTGGTCAGATTTTCAAA
TTGTAAATCGACGATGATCACCTTTGATAACGT,ATGCCACGGATTGCGTGGCATTATTAT
TTTAAATATTTCCCCGGACGATCGGGTGAAAAT,CTGAAGGGTTAATGCCTTCGGACGATAC
TTGAAATATCGAGCATAAGATGAATCT,GCACTTTTTGGTGAATTTGCACTCCAA
CTCAAGGATGACTAATCATTGAGGAAAT,ATGACGGGCATCGCGGGTCTGCTTATTA
TTGATAAACAGAAAAAGCTGGCTGTAATGA,TTGTATGGATATCGCTTCTCGGGTATTGT
TGAACATCGAATATAACTAAGTTTCTGA,TTTAAAAAAATGAATGTTTTTATATTCT
TGAAAATACTTAGCTGTTATGTGCCTGTCTTT,TTGGATAACCGCTGGTAACCGTAGTAT
CAAACTGTCTTTGGTTTATCGGTCACA,TTGGATAACCGCTGGTAACCGTAGTATTCT
CTCACGCGGAAAAACTCCTGACTGACAA,TTGATTGGATTGAATAGTTTTTATTTT
TAAACCTGTTACATACATCGACCTGGTCAAA,TTAGATCTGTTGAGACAGAACGATATTAT
TTACTATTGTTCATTATTTTGTTTGCTATAAT,TTGACCCTAAGCCAACGATACCGACATGAAACT
TTGCCTCTTGTTACTATTGTTCATTATTTT,TTGATATTGTGAATATAAGCGCTGGAAGAT
TTGCCTCTTGTTACTATTGTTCATTAT,GAAACCAATCAGCGCGTTCTTGATCATA
TGGATTTTTGACTAAAGTTTCTTTAGGATT,TAAAATTATTTGACAATACGAATATCACA
TTTCTTTAGGATTTGTCTCATCGTATGAT,TGAAATAATAAATAACATGGAAAGCAGA
TTGAATTATTCACTGGAGACGATTCGTAAATT,TTGTCATGACAGTCAGGCAGAACTGGGTAAAAT
TTGAAATTTATCCTGTTATTATATTGT,GAAACCAAAAATGTCACGCTGGAACATATCGAA
TTGACTCACTCATTGATCCAATACCTAACTT,GGAAATAGGGTAAAAAGTCAGGAAGTTCGAT
TTGTTTTCAGGTTTTTTTTGGCGCTCCTAATAT,TAAACTCGATAAATGGGGCCTGATTCAAA
TTGGCGCTCCTAATATATGGCTGATTTATAAT,TGAAGTTCGCTGATTTCTCCGTCTGGTCAGA
TTGATGAGTTGTATTGATCCACAACGTAATGT,ATGGAAAAATAAAACAGAGGCGCTAAGCT
TAAAATAATGATGATGATGTTATCAAT,CAGCTGGCGAGAGACGGTATTGCTCATGCA
TTTACTCTTGCTTTAAAATGAATAATAT,TTGAAGTGATGTCTTCTATTGACGGTTATAAA
TTGATAGTTCTTGCGGTTAATATGCTCTATATA,TTGAAGTGATGTCTTCTATTGACGGTTA
CTGGAAAGTATGCCGGGGCATCACCAG,TTGCCAATTTTAATTACCCTAATGATAATCA
TGAAAGTGTTACCTCTGTGCGGTCACA,TTGCCAATTTTAATTACCCTAATGATAAT
TTTAAAACATCTTATTTGAGATTATTAATAT,GAACTTTTCGACGTTTGGTGGGACTAA
TTAAAACATCTTATTTGAGATTATTAATATATT,AAACTGCCTGATGCGCTACGCTTATCA
TCAACTTAACGTAAAAACAACTTCAGACAAT,TTGCCAGTTTCGACAAACTGCGTAGTGT
GAAAATAAATGGTTTTTGGGCAATAATCAGT,CGAAATGCGTGGTTTTACCTTTGATCAAA
TTTACACCGCATTCTTGCGCTAACCTTATGAT,CCTGAAATCAGCGTCACTTTCCGACAT
GGAACTAACACTTTTGGACTTATCAGT,AAAATTGCACGCGGGATGTTCTGGCTGA
TGCACAACGCCACCCGACGGCTGTAATAACAAA,TTGAAATTTCGTAAAAATAGCCAGATAGACA
TTTGCAGCACGAAAATGGAAGTATAAT,TTAAAACTACCAACAAATTTATATAGT
TGAACAATCTGGTTATAGCGTGCGGACTGA,TGACCATGACTATGCCGAGCTGCAGGACAAA
TTGATATTAGATGCAAATTAAGGTCATATATA,TTGCCATCGTTTCTGACCGCCGAAGTTTAACTT
ATTAAGGTCATATATAGCCTTATCGATAA,CTTGAGATTGATTCCAGAGCGCCCTAC
TTAAATAAAACTTATACAGAGTTACACT,TTGCCTAAAATATCGCTATATATGACAAT
TTGCTTCAGCGCATATTGCCGCTACGAT,TAAACGTGGCTGCCCCCGCCAGTATGGTCAGA
TTTTAAATAACAAATTATTAAAACCACAT,CGAACAAGCGTATTGTGAGGATATCAAA
CTCACGCCATTGCTTATATTGGCTGGTTA,CGCACTTCCCGTTCTACTTCAACAGTCAGA
TGCACTATCAATTTTTTAAATAACAAA,TTCGATTTCTCTTTCGTTCCGGCTTATAAT
TGAACGTCCTTTTTCAGCGTGAATGATTCACA,ATGCCACAGGCGTATTGTTGTTGGGCTTATAAT
TTGCTGCAAACTGCAATCCCTCTCTATGCT,TTGAAATTGACGTCAAACAGATCCGCAAAGT
TTGGCAAGAACAAGGCCATGATATTTT,GTTGAAATTGACGTCAAACAGATCCGCAA
TGAAATGAGAAATCAGAGAGCAACGGTCATT,GTGTAAACCAGTCGACGCTAAAACCCAT
GTGGAAACGGTTGGCCGCAATCGCGACAC,TTGTAACGCGCTCTGTACAGCACTAAATT
TTGGAGCAGCGTTCACCTGACGCTATACT,TTGAATAAGTAAAAGATGAAAGTATCAA
TTTAAAAAGCAGAAGCGTGATTACTCT,TTGCTATAGTTTAGTAAAATTTTACCCT
GGAAATATGCCTGAGCAGCAGTCAGAGACATA,TTGAGAAAAACTTTTGCTATAGTTTAGTAAAAT
TTGACATCATCAATAACCAATGAAATTATGCA,TTCAAAAGCGGCGTAACGCTATAAAGT
TTGACATCATCAATAACCAATGAAATT,TTGACCTCTCTTTACTTCCTTTTATGGT
CGAAATATGAATTTACAAACAATAGTGGCATA,TTGAAAAACATGTCTGATATAAAATTAAACA
ATGATAAATATAAAATTAATATATATT,TTGCCTAAAATCCATCAGGAGATAAAAA
TTTCAATCATCATGATAAATATAAAATTAATAT,TTTCATGCTACTGTTTTTGCCTAAAAT
TTTCAATCATCATGATAAATATAAAAT,GTGGAAACGTATCTGGCGCAGGAGCCAG
TTAAAGCCTCATTTCAATCATCATGATAA,TGAACATCTCCCGTTGTCTTTTGTTTCCGT
GGCACCAAACGGTCATAATAAGAAAATCAAA,CTTCAGGCTCCATGCCTGCGGCTGATTA
CAAACAAGCCATCGACGGCACCAAACGGTCATA,TCAACATGCGTTGACCGATAGTTAAGTCAAA
TTGAGAGCCAGGGCGCTGGCGATCACAAT,CTGGAAATCTACCAGGAAAAGCTACGCAT
CTGGAGAAAACCGCCGATTCCGCCCGCAT,ATGCAGTACATCAATGTATTACTGTAGCAT
CGCACTACAATGGCACTCAACACCTATCAGT,GGAACGTGGTGGCGGAAAACGAACTGACCAT
TTTAAACATAACGTGCGTAAATATATT,GGAACGTGGTGGCGGAAAACGAACTGA
TTTAAACATAACGTGCGTAAATATATTGT,TTAAATCTTGGTTTATATGGCGGGAATATTGT
CTCTCGCCACCCTCCCCTGCATTCAGCAAAAT,TTGATTATTTTCTGAAAAAAGCAAAAT
TATGTTTTTGAATGCTTTCTTATCTCA,ATGAAATTGATGCAAATTCAACCGGTAAAGT
TTGACAGTTTTCCTTGCTAACAATCATCAT,ATGACAACACCATAACTGGCAGGGTATGCT
CTTGCTAACAATCATCATTCACCACGT,TTGGACAAGTGCGAATGAGAATGATTATTAT
CTGAATAAAAAGTGGTAAGCACGCGCTATACT,ATGAAACCGATCTCACTCAAATTCCTAAAGT
TTCAATGAAATATTTCTGCCTGTATAAT,TTAACTATGTATTCCTCGCGGTAAATAATAT
TTGAATACATAGAAAATTGATATCAATATAAT,TTTCACTCAAAAAATAATTATCTTATATAAT
TGAAATATTTCTGCCTGTATAATCTTT,ATCAAAAAGCGTATCTCCCTGTTTTTTATGAT
TTGAACATATATTCACATTAAATATGATTAT,TTTAAATAGTGCCCTCGACATGTAATTT
TTCAATGAAATATTTCTGCCTGTATAATCT,TAAAGTTCTGCCCTTACGCGCCGATAA
TTGAATACATAGAAAATTGATATCAATAT,CTTAATGCCGCTGCGATCGGGTATACT
TTGAACATATATTCACATTAAATATGAT,TTGAAATTAAAACTTATCAGATTTAGCAT
GCTCGCATTCAGGAAATGCATATGCTGA,TTAACTTTTTCTGTTGCGTAACGGAAAGTCAAA
GCACTAAATACTGATAATGTTGTCTTA,TTGAAATTAAAACTTATCAGATTTAGCAT
TTGTTTTACTTTTTAGCCGCATAAAGT,CGAAATGCTCACGGTTAGAATTGTCTCA
TTGCCGATAGCCAACCGCAGAATCATGTATTGT,TAAACCTACCATTGAAATTAAAACTTATCAGA
TTGAAATAACTCCAGGAATTTGCTGATATT,TAAAACTTATCAGATTTAGCATGTGAATCAAT
CTCAAGTTAAACTCCACGCTTGCCGATAG,TTTCCCCAGGCATAAAGTGCACTTCGTTATGGT
GTAACTTAATAAATAATCGTCCTCAAATCAAA,TTTCATGCCGTTTTTCCCCAGGCATAAAGT
TTGCTCAATGTATCACACAGGAATAATAATAT,TGAACTAAGGCATTTCATTCCGTTCTGA
TGAACGCGTCTTTGCTCAATGTATCACA,TTTAATACAGGGCTACTATGCCCGATATCCT
TTGTGTTTAAATACGCTAACACCTAAACT,TGAAAATCATTTGTTAATGGCATTTTTCAGT
TAAACTTACTTTTAGTAAGTACGTACAAA,TTGTCTTTCGTTGGTTACTCGTAATGT
TTGATAGTTTACTTCTATAGTGAGATATT,TTAATTAATATTTAGTATGAATTTATTCT
TTAAAGTGCAAAAATTCAATTGCTAATAA,TTAACAAGGCAATCTGATTGATGAATTTC
TTGATAGTTTACTTCTATAGTGAGATATTTA,TTTGTCATCGCAACAGCCCAATTATATATAAT
TTTAATGGCGACATAAAGTAACCAAATAAAAT,ATGCCGACTCTTTTTTATCTTATTTTAAAAT
GTGGAAACATTGCCCGGATAGTCTATAGT,TTGTCATCGCAACAGCCCAATTATATATAATTT
GGAAAATCCATAACCGTAGCCGCATTTTTCATA,TTGCACCGGAGAAATTGTAAGCATTATTAT
TTGTCTCTTCTCATCAGGGTAGCTATAGT,TTGATAATCAATAATACTGATCATATT
TTGCATTTTGCTATATGTTACAATATAAC,TTTAAAAAAAGCACATTGTTTAATGAATACAAT
TTGACTCTGGAGTCGACTCCAGAGTGTATCCT,TTGATAATCAATAATACTGATCATATTTT
ATCGTAATGAATATGAGAAGTGTGATATTAT,CAAACTAGTTTGGGTTTTAGCTAGTCCTT
,TTGAATGGATAATATACAGTATACATTCT
,TTGAATGGATAATATACAGTATACATT
,GTGACTCTCTCACCTGTAAAAATAATAT
,TTGCGTAATTTTACTACAGCTGAATCGATA
,CTGGCTGTATTTGCCGCACCGCGCAGGTATACT
,ATGTCATCTTTACCGGGAACCTAAACTAAAAT
,TTAATGTCATCTTTACCGGGAACCTAAACT
,GAACAAATTAATCTTGATGGCAGTCTGA
,TGAAAGTATGCACCGGGCGCTGGCGCGATCTGA
,TGAAATTTATGGTTAATAGAATTATTCATA
,TTCTCATTTTGATTTTATCAATTTGATTATTAT
,TGAACCGTTGTTGTCATTTGTTTTACAAA
,GAAACGTCGCGAGATTATTAAAGAATATCCAT
,TTGCAATGTATTGAATTTTCATGATTTT
,TTGTCTTACTTACTCAACAATGCGTTAAATT
,CTGGATTTCGATTGGCATTCTCGCCAT
,TTGCCTGCTAACTTTCGTGCCAACGCCGATCCT
,TTAACTTTGATTACCAGGAATATCCGGGTCTGA
,TTTGTACAGAAATTATTTAAATAAAAT
,ATAAATTGTTGTTTTTTAAAAATAAAAT
,TTGCACAAATAAACAGGAATCAGCCACTAAAAT
,CTACAGCAGCGATATCTTATGCACATAA
,TTGCCTGTTCAGGCAATGGTTCGATGATTTT
,TTGATTTGTTATTTTTCCACTTTCAGTATGCT
,ATGAATTATTTTTCTCCTTAAGGATCATCCG
,CTGACGCAAATTGGCTATGTGCCGAACG
,GAAAATAACTTGTATTGATTAGCAGTCAAA
,TTGATTAGCAGTCAAAATCATTGAAGAACAT
,TTAAAAACAGCTCAGCTTCTGTAAAGT
,TTTAAATGAGAATAACCATTGCTGTATGGT
,TTGAACGCAAAATTGCCTGATGCGCTACGCT
,TTCAAATTCTGAATATACCTTCAGATATCCT
,TTGAAGGTGAGAAAGTTTCAAGGAAAAG
,TTGACAGTCGTAGAAAATGATAATGCAGAGAAT
,TTTTTATCCATTCGAACTCTTTATACT
,CTTAAGCCCGATTACGAAAACGCCGGAGT
,GTTGAAAACTCGCCTGCGCGAAGCGGCAC
,TTGAAAGAAGAAAGCAAAAAATAATTA
,TTGCCACTTCCCTTTTTTGCTCATAAGGA
,TTGAAACCGATATTCACGGTGCATACCGT
,TTCACGGTGCATACCGTCAGGCTGATGG
,TTCAAATGAAAACGATCGTCGTCTAAAAT
,TTGCATAACCTTTAATTATTCATATGCA
,GTTGTTACTTTTTATATAGCTAACACCAA
,TTGATTAAAATTAAATCAGAAGATCAT
,TTGATATTAATATCTTTCACCATCCGCTATTTT
,CTGACGGCAACTTCCGCACCGTCCGATTT
,ATAACGCGTGCTTACGCTAATGCCGGTGG
,TTGCCTGAGGCCAACTCCAGCGCAGTGGAAACT
,CTAATGCCGGTGGTCTTGCTGACGGCAA
,TTGCATACAGCGATGTGTAACCTTTGTCACACT
,GTGGATTATACCTGTCGCACGCCACCAT
,TTGATATAACTTATATATACAGACAGT
,TTCTCTTTGCCGGACGTTGCCTATACT
,TTGAAGCATCTGAAGAAGCAAAAGATAAAGT
,GAAACACCGTTTGTCTCACTGATCAAA
,AAAAAGGGGCGATATTGAACCTTCGATTA
,TTCATGTAAAAGAATAAAATATCTGTATAAAAT
,GTTGATTGGCATTCCAGACTACGACAA
,TGAACTATGTTTGGTAACTTAGGACAGGCAAA
,TTAACTTGTTAACAACAAAAATGACAAA
,TTAAGGATTCATTAAGGTCGCTACGTATACT
,GGAAATACAATGGGTGATCCCTGGGCTGACTGA
,GGAAATACAATGGGTGATCCCTGGGCTGA
,CTGGCGATTAAACGTCATGTGCGCCAG
,GTGGAATCGCTGGCGATTAAACGTCAT
,CTTTACGCGCGCGTAACTCTGGCAACAT
,GCAACATCACTACAGGATAGCGGTCAAT
,TGACCAACAGTAATATGGAAGAGATGACCAA
,ATTAATCCCCGTTTCTGGCGGTATACT
,ATGCACAATTACGTAAACAATTAAAAT
,GGAAATTCCCGCTTACCTATGCTCACA
,GGAAATTCCCGCTTACCTATGCTCACAATCAGT
,CAAACTATTAGCGGGTGCACGGTTTTATCAAA
,CTGTAACATGCTTTTTTTCCGTATACT
,AGAAAAATACTTTGAGTACGCCCATGA
,TGATGAATGCGCTGTGTATTGCCGATAA
,CGCACTTTATCCTCCAGATGGAATCGAT
,TTGATAATAATTCAACCGCAACAGCAGTATTGT
,GAAAATATAATGCTTCATCCTGGAAAGTCACA
,ATACCATTGCTGATATAGCCAGAAAATATAAT
,ATGGCATTTTCCACCAATGCAGATGATAAAAT
,TTAAAAAATCTGTTTTATTTGCAACACTATTAT
,TCAACAAACGGCTAAGGGCATCCATATCAGA
,TTGATTACAAACACCAACAATCTTAGTAAATA
,ATTAAGAAAAAGAAAATATCAGACGATAA
,GGAAATCATTCAATACTCACACTATCGAA
,CTGGAAATCATTCAATACTCACACTAT
,TTGAAATGATCCGGATGAGCATGTATCTT
,TTGGTTGACCAAACTCGTTATTTATATA
,GGCACTCATGCTTTATCAACTTGCCTGGCAGA
,TTTTATCATTCTCAGTGAGTGGTATTAT
,TTGACAGTTAAGCCCAGAACTGAAAGT
,TTGAAGGTTCTTTGCTGTCTTTATTCT
,TTGACAATGTACCTTTGAGATACATAATGT
,ATGAACCTGCTTCGGCAGGTTTTTTTATACT
,TTGACAATGTACCTTTGAGATACATAAT
,GGAAAACCAAGAAGATACAAAATCAAA
,ATGACGACTCCCTTTGATGAACCGATAT
,TTGCCCTTATCCATCTTCAGAATGAGTATTAT
,TGAACCCGGTTTCGACCGGGTTTCTTA
,TTACAACATCCTATATGCCTTTATCAT
,CGAACATGCTATCTTGGTTCGGTCAGT
,GTTTATATTGATGATATTATGTCGCCCT
,TTGATGATATTATGTCGCCCTATAACTATACA
,CGCCCTATAACTATACATGATGTCAAT
,TTTCAAGGTTAATTATTTTCCTGGTTTATATT
,TTGATTCGTCTGTTGCAGGGTTAACAT
,TTGCTAAATATGCCTGTAGATCAGGCTTATACA
,TTGCTTGGTGTCTATTCGATGGATACT
,TTGTAAATCAATGATGATTACATTTGATAATAT
,TTTGAAAAAATGGCGCTCACCCAACAT
,CTCACGCACCAGCGCCTGCCGCTGACTT
,TAAAGTTTTGCCACCCGGCTACCGTTAT
,TAACCAAATGCGATAACTCAGACGCTAA
,CGAAAAAAAGTCCGCCAGCAGATGAAGTCGGA
,TTGGATATTTTTTTTGCATGGATAAAAT
,TTGCATGGATAAAATTATCGCCTCTAAAGT
,TTGCCAAATCAGAGGCGTCTCTGATATGTT
,TTGGCAAGGGATTGCGAGACGCGGGCGATAAT
,TGCAAATCGGCTCGGCGACCACAATATCAAA
,CTGGAACAACTGAACTTATTGAACTATGTT
,TTTAAATCTGATTCTTGGATTTATCAT
,GAAAATTACATGGGCGAACAAAAAATAATCACA
,CGAACAAAAAATAATCACAAGCTGACTTA
,TTGCTGTGCGCGCGAAGATGTTTAAACT
,TTGCAAACGTCACATTTAATGGACTGAAAAA
,TTTAATGGACTGAAAAATAACAATAATAT
,TAAACATTAAGAATATTCATCTTGTTATCTGT
,CTGACGGACTGGAAGCTGTGGCCGCGTA
,CTGGAAGCTGTGGCCGCGTAACGCCAT
,TGAACACAATACACTTGCGCTGTCTCT
,TTGGCTGGCGCGGTCTGCTTCCTGAAAAT
,TTGATGATAATCCGGCAGCGGTAATTATACAGT
,TAAACAATTAAGATAACTGTAATTAACAAT
,TGAACGTATCATCTACAAATTAAACAAA
,CAAACCTTACGTGCCAGTTATGTCTCT
,TTGAACAGTAACATCGAGTCACGGTAAAAA
,GGAACTAATGGTTGCAGTGGTAGGCTAT
,TTGATGGAAGGTGATTATTGAACAGTAACAT
,TGACCCTGACTGAACTGAAAAAAGTCATT
,TTGAAATTTCGCATTTAATTTCATGATTTT
,TGAACCGTTGTCTGCTGCTTAACCTGTCTCA
,TTTGCATACCTGCCGATGTTATACCCAT
,GTTGATAAGGGAACCAGGAAGATCCCTAA
,TTGCGTGCTGTTTACTCAATTGCGATATACT
,TAAACCAGCGATTGCGCCTTTACCAAACAGA
,TTGCATTTATCATGATTAACAATCATTATCAT
,TTGCATTTATCATGATTAACAATCATTAT
,TTGCATTTATCATGATTAACAATCATTATCAT
,TTCCCAAGAATTGATAGTGAGCGTAATAT
,CTTCAGAATTACGCAAAAGAGCTGAATA
,GGAACTCGTCTGCGGGTGAAGTAAATTCTGA
,TTGCATTGGATGAGGCGAATTTCCCACAAT
,TTGTTGAGCACCGATACGCATTGTTGGAATTAT
,TAAACACGCTATCCCTCGCAGGTTATCAAT
,TTACCGAAGGGTTTAACATTTTTTCGTGATACT
,TTTAATGTTAATAACTAGTTAATTAAAGT
,GATTAAAACTCAGACCCAAGTGGTCGGA
,CTGGCGGCTTTACAGTACCTTACGCTATACT
,TTGACCAATCCCAGGAAAATTCTGCGTATTTT
,TTCACTTCTAAAAGCAGTATGATGTCATAAAGT
,TTTAATTTTTCACTTCTAAAAGCAGTATGAT
,TTGAGTACCGATTTTTTACGCGGCGATTATGCT
,CCGAGACATTTTCCAGGGAAACCAGACT
,TTTAAAAATGAATTATTAATTATTATCGT
,GTTGATAATGGTACGACAAGGCAACAT
,TTCGCAAGCTCGTAAAAGCAGTACAGT
